,category,content,title
0,政治,民進黨九合一選舉大敗，總統蔡英文請辭黨主席，綠委也喊出中生代全面接班；前立委林濁水則在臉書發文質疑，把民進黨打垮的是K世代，為何接班的是中生代？他強調，世代不是問題，有開創性主張或新武器，世代交替才有意義，而不只是權的轉移而已。 林濁水表示，若2014年把國民黨中生代打跨的主力是K世代，2018年把民進黨中生代打垮的也是K世代，「那麼為什麼接班的是中生代而不是K世代？」他也指出，在台北市領軍K世代打垮國民黨中生代的不是白色的老生代？所以其實世代不是問題，有什麼開創性主張或新武器，世代交替才有意義而不只是權的轉移而己。 林濁水說，黨外時期，「新生代」只是30上下，他們既然「開發」了群眾運動，理所當然要給他們位子，縱使黨外不給，上帝一定不會漏掉做安排的。希望民進黨中生代在要求接班時，大聲說出你們的新東西是什麼。 此外，總統府祕書長陳菊、行政院長賴清德雙雙請辭，但最後接受總統慰留，繼續留下打拼。《聯合》報導，林濁水表示，檢討不只是人事異動，「人都不動，更是完全不能交代」，他認為，執政團隊應向大家說明未來重大的施政改變、方向，質疑現在都還不敢說辨方向的執政團，「還適合、還要再坐在那個位子上嗎？」（政治中心／台北報導） 想知道更多，一定要看……綠委提中生代接班　蘇嘉全：贏得民心最重要 「把立委當傳聲筒是大錯」　李俊俋再開砲：政策重心移國會看了這則新聞的人，也看了……「選擇留下比離開更艱難」　陳菊：留下來共苦患難反同婚、以核養綠公投都過關　賴清德：會依法完成後續工作丁守中不驗票了！　將提選舉無效之訴,黨內喊中生代接班　林濁水：先說出你們的新東西
1,政治,台中市清水區武鹿里長選舉開票結果，挑戰現任里長的陳意和，與現任里長蔡壽明同樣都是1079票，昨天蔡里長瀟灑地說「抽籤決定就好，不用驗票」；今上午市選舉委員會依《公職人員選舉罷免法》第67條一項規定「票數相同時，以抽籤決定之」，今天早上10點在清水區公所抽籤 選委會人員先抽順序，陳意和抽中1號，蔡壽明抽中2號，選監人員接著拿出「當選」及「不當選」2張籤紙，捲好裝在小型籤棒內放入籤箱，陳和意先上台抽，立馬抽中「當選」，台下支持者高喊「凍蒜！」；蔡壽明接著抽「不當選」，隨即和陳意和握手手說「恭喜！」，他說，將退休養老，武鹿里交給年輕人拚建設，武鹿里長選舉平和結束。（孫義方／台中報導）,里長同票抽籤分勝負　落選者向當選者握手恭喜
2,政治,台北市長柯文哲在選戰中險勝國民黨對手丁守中，丁守中因而要求驗票提出選舉無效之訴，此事看在「館長」陳之漢眼中，認為丁守中「比陳其邁還沒風度」。不過此番言論也引發丁粉和柯粉的討論，雙方互相你來我往，又掀起一波大戰！成吉思汗健身俱樂部創辦人「館長」陳之漢在這次選戰中堪稱最佳助選員，直播助攻的4名參選人全部當選。他先後與國民黨新北市長參選人侯友宜、高雄市長參選人韓國瑜、台南市議員參選人謝龍介直播，為3人拉抬聲勢，還因此與支持綠營的網友摃上。選前館長緊急與柯文哲直播，吸引同時7.1萬人在線觀看，為柯文哲做最後的拉票衝刺，也幫助柯文哲成功連任。相關新聞：最強助選員！館長直播助攻柯韓侯 當選率100%館長認為，台北市長這場選戰是全台灣人都在關心，而且大部分的人不希望柯P落選，他呼籲丁守中「要尊重人民」，認為提出選舉無效之訴，根本比高雄市長落選人陳其邁還沒有風度，當初新北「漢子」侯友宜、台中「燕子」盧秀燕和高雄「禿子」韓國瑜一起拍競選廣告，「難怪我看競選廣告沒有丁守中啊」，館長也認為，國民黨當選的「三子」不會出來幫丁守中講話。館長指出，這次選舉確實辦得很糟糕，但中選會明明是蔡英文政府在管，如果中選會真的要對付丁守中，「她就讓柯P當選就好了啊！她派一個小丑出來競選幹什麼？」他認為丁守中能和柯文哲選票接近，「是因為他媽的半路殺出個姚文智」、「是因為柯P他媽的就是一個不會做人的白癡，放任那個小野也不切割」。他認為驗票確實是丁守中的權利，「要驗就驗」，但驗票後如果同樣的柯文哲當選，丁守中反而難看，甚至影響未來的政治之路。有網友不滿館長對於丁守中的指摘，凌晨到館長粉專留言怒嗆「館長是什麼東西啊！出一張油嘴滑舌的爛嘴生意人，驗票是法律賦予的權利，這爛渣是在靠八三小」，館長則反擊，「那你就驗阿，我沒有自以為，倒是妳很自以為的來這用假帳號留言，人如果連真實身分都不敢顯示，那你講話基本上跟放屁一個樣。」而對於自己輔選勝率100%，館長表示，那不是自己的功勞，而是候選人自己的魅力，「我們不要很囂張地說都靠我，不是」、「市長他們在做、爽他們在爽、錢他們在領，權力在他們身上」。至於台南市長候選人「虧雞福來爹」林義豐同樣有上直播，但沒有當選，館長表示，自己本來就沒有支持他，是網友有興趣覺得對方有趣，「虧雞我沒有輔選他啦！你可以調我以前（影片），我沒有去輔選，我直播裡面也都沒有講到他，永遠都在講這三個人（侯友宜、韓國瑜、柯文哲）啦！」館長在選前與柯P直播助攻也在《批踢踢實業坊》引發討論，有網友發文認為「他真正最大的貢獻...是不是在於推了阿伯一把？」有人認為館長的直播確實讓柯P在最後增加曝光度，不無小補，但也有人覺得「怎麼不說是館長才害柯選的那麼辛苦」。館長今天凌晨在粉專分享討論文並表示，「也許真的是我害到柯P拿了更少的票，再次跟支持柯P的人道歉，也許是我的錯才會那麼難選，對不起」。 ,【選舉無效之爭】館長轟丁守中貪！柯粉丁粉掀罵戰
3,政治,,他爆14年前內幕！嗆丁守中「全台你最沒資格提驗票」
4,政治,桃園市長鄭文燦今日仍繼續全市謝票行程，並到各區宮廟參拜，同時感謝地方人士支持。中午鄭文燦回到家鄉八德指玄宮上香，鄭文燦母親鄭邱璧回也到場陪同。鄭文燦在參拜後接受媒體訪問，提及民進黨中生代接班議題，鄭文燦說：中生代應承擔較重責任！ 這次民進黨選舉失敗，外界有所謂中生代應提早接班、扛起的說法，鄭文燦說，民主就是要接受選民一次又一次的考驗，遇到挫敗反而是一個學習的機會，要反省執政有哪些缺點，1個人不要怕失敗、1個政黨也不能怕失敗，現在這個時刻，黨內老中青三代都應該團結反省才能再出發。鄭文燦表示，中生代應該承擔比較重的責任是對的，不過這是屬於全黨的事，要集思廣益。 而民進黨該往那個方向改革，鄭文燦表示，一個政黨的生命在選民的支持，要貼近民意也要務實執政，更重要是拼經濟、拼建設、顧民生，這是台灣目前很需要的，台灣的自由民主也需要良好的經濟發展來支持。 對於韓國瑜說讓大家賺大錢的說法，鄭文燦說，這是好事，但這大都是拜拜的時候在講的，政治人物要這樣說，要有很具體的政策才能讓所有人民生活改善，這是需要複雜的努力；台灣現在內需市場力道點顯得有些不足，所以政府現在要把拼經濟、顧民生當作重點方向。至於兩岸關係，希望能朝向更善意、更和平的方向來發展，但這段時間真正的協商、交流障礙不在台灣，是對岸設下了許多政治前提，希望兩岸能朝向務實方向開放。 外界認為他接黨主席的呼聲最高，鄭文燦表示，目前都還在謝票行程，而且這一屆市府預算也還沒審，後面時間可能都要在議會把預算審完，暫時還沒有辦法兼顧黨務，等預算審畢後，我再跟黨內各方面意見領袖來商量。 鄭文燦母親鄭邱璧回並不贊成兒子接黨主席，她希望鄭文燦好好做，把這4年該做的都做完成，以後的事情再說，我的心願就是如此。（突發中心吳詠平／桃園報導）看了這則新聞的人，也看了……【最即時專題2】蘇貞昌大敗有氣度　無意黨主席同喊「中生代接班」【最即時專題1】被中央拖累「上屆贏的票都吐回去」　林佳龍邁向綠營中生代接班林佳龍大將卓冠廷難掩落寞　失業放空等當奶爸,【選後謝票】鄭文燦返鄉謝票　籲黨內中生代應承擔較重責任
5,政治,扁子陳致中7年前因偽證案遭解除高雄市議員職務，此次參選以15938票重返議會，他今午在「一邊一國愛台灣聯播網」節目中直言，大家有「有嘴講到無涎」，從一例一休到同婚、空污法休正，基層對執政黨的信任全失，支持者「覺得中央政府講不聽」，才決定教訓政府，正是敗選致命原因。他還警告，執政黨再不回應民意，2020年不用選了。陳致中的廣播節目每周一至五中午播出，每天節目開場白就是報數父親陳水扁政治冤案已發生幾天，他今午一開場就循慣例說，阿扁總統政治案未平反已3666天。陳致中強調，敗選論原因可能千百個、一萬個都不只，星期六晚上他看到開票結果一整晚都沒睡，一個人想到到天亮，此次敗選可說是非戰之罪，像陳其邁如此優秀的人選落選，更讓他看心中淌血、流眼淚。他痛批，選務作業混亂是此次敗選致命原因之一，大選跟公投案合併不是不行，但投票當天看到人潮聚集比夜市還多，他心中就覺得不妙，因為很多長期支持民進黨的長輩、勞工朋友，長輩們要照顧兒孫，勞工朋友老闆只給1小時休假出去投票，但排隊一排一兩個小時，他們最後被迫放棄投票，根據里長告訴他，這些被迫放棄投票的支持者起碼有一成以上。陳致中強調，中選會主委也是執政黨官派，如今的結果就是「自己害自己」。話鋒一轉，他還痛批東奧正名案未過關沒是非、沒天理。陳致中表示，此次10個公投案，選前一直拜託大家支持東奧正名案，雖然沒過關，但要面對現實；公投案只有3個沒過關，東奧正名案是其中之一，他很無奈也痛苦；行政院官方對此案的態度就是不支持、不同意甚至打壓，最後以運動員宣導投反對票，就是在打恐嚇牌，其實國際奧會根本沒這樣，官方的作法沒是非天理，主要關鍵就是中華奧會都是統派、國民黨舊勢力在把持。（魏斌／高雄報導）,【砲打中央】陳致中選後開嗆　「再不回應民意，2020年不用選」
6,政治,時代力量台中南屯區候選人吳佩芸以9票之差落選，前晚選舉結束，她就在臉書粉絲專頁宣佈要申請驗票，她今天進一步表示，是要針對只贏她9票的民進黨籍候選人何文海提出當選無效之訴，下午會向法院提出告訴進而希望重新驗票。 吳佩芸指出，監票志工發現，開票時有她的有效票被認定為無效票，當時向選務人員反應但未獲接受，另外，吳佩芸是3號候選人、4號候選人是魏佩瑩，兩者發音接近，也有監票志工發現唱票時沒有念號次，差點記錯票數的情形。 吳佩芸強調，有效票被當無效票或是沒念號次差點記錯票的情況，可能在每一個投開票所都有類似情形，由於監票志工提出的說法必須負法律責任，內部正在比對志工看到的情況與現場影片，要以足夠的證據說服法官重新驗票，目前初步認為有超過9票有疑慮，導致選舉結果受到影響。 何文海則大喊委屈說：「當初性騷擾風波沒，有開記者會反駁是最大的錯誤！」他強調，當時絕對沒有說到「胸部」等詞語，但因為現場沒有錄音，雙方各說各話，他選擇不開記者會反駁，吳佩芸卻持續炒作，連續在台北、台中開了3、4場記者會拉抬聲勢，確實對選情造成影響。 何文海強調，現在講什麼都沒有用，也尊重吳佩芸提出告訴，等法院正式判定選舉結果後，他會召開記者完整說明性騷擾事件的情況。何文海昨起除親自拜訪支持者，也透過臉書、簡訊、LINE感謝選民支持，但車隊等大型謝票行程，將等法院認定選舉結果後再視情況進行。（王乙徹／台中報導）,性騷風波延長賽　吳佩芸要對何文海提當選無效　
7,政治,本屆台北市長選舉柯文哲以3254票險勝國民黨候選人丁守中，丁不滿投票當天下午4時預定投票截止時間後，竟出現邊開票、邊投票的情況，開票時間也長達近10小時，懷疑選務機關藉此操作棄保效應，漏夜向法院聲請重新計票並查封票匭，今卻撤回重新驗票聲請，決定改提選舉無效之訴。對此，律師宋耀明說：「這次的爭議本來就不是驗票就能解決的。」宋耀明分析指出，丁守中與柯文哲的票數雖然只差3254票，可以向法院聲請驗票，但這次的爭議重點，就像丁守中在選後的談話，關鍵在於「票還沒投完就開票」的現象，是否會影響排隊民眾的投票意向？有無違反《選罷法》？是否真有影響選舉結果？所以，驗票並非重點，也不是單純驗票就能解決的事，真要解決爭議，就是提出選舉無效之訴，由法院針對這是投票過程每個細節進行調查，調查法方有很多。宋耀明表示，丁守中今天撤銷驗票聲請，想必律師團應該在聲請驗票後有仔細分析，修正訴訟方向，畢竟這次爭議的焦點，在於邊開票、邊投票的現象，是否有失公平而影響選舉結果。（張欽/台北報導）【更多司法新聞，請看《蘋果陪審團》粉絲團】,丁守中訴訟策略急轉彎　律師宋耀明：驗票不能解決爭議
8,政治,(更新：卓冠廷選後首度露面談未來規劃)台中市長林佳龍最大戰將、台中市政府新聞局長卓冠廷，由媒體轉戰政壇，4年前幫助十年磨一劍的林佳龍強勢大贏21萬票，也成為全國直轄市最年輕的新聞局長。隨著林佳龍競選連任失利，他將「失業」，讓很多網友關心。卓今天受訪坦言，從立委助理到新聞局長任內幾乎沒有一天是休息的，他說敗選第一天早上，他倒著柳橙汁看著窗外風景，覺得「休息一下蠻好的，6年來沒過這樣的生活。」，他說現在就是「放空」，沒有其他規劃，「期待明年3月新生命的到來！」 卓冠廷與立委洪慈庸是在林佳龍2014年選市長時相識，洪慈庸日前宣布懷孕，林佳龍當時道喜還說「會給局長多一點的時間去陪慈庸，不過還有幾個月才會生產，所以11月24日（投票日）的事情還是要認真點！」。面對敗選卓冠廷昨晚在臉書寫下心情，「感謝大家的鼓勵及多年來的照顧。未來不管在任何領域，都會更加努力，謝謝大家。」而洪慈庸臉書則是在23日後暫無新貼文。卓冠廷今天現身和林佳龍一起出席市政會議，他表示，從媒體工作轉戰政壇就知道「政務官沒有做一輩子的！」他說選輸不是開心的事，但也不一定是壞事，至少賺到6年不曾有過的放空感受與休息，他說家人現在都準備明年3月迎接新生命的到來，他「沒有太大壓力，只想好好休息一下，沉澱一下好好思考未來。」 至於戶籍設在北屯區，因國民黨盧秀燕辭立委而出現一個立委缺額，他是否有機會代表民進黨參加立委補選？卓冠廷說「目前沒有規劃」，他並說「明天的事明天再說！」 「昨天有點放空的感覺，放空感覺太好了！」卓冠廷說，昨天早上倒著柳橙汁看著窗外風景，突然覺得休息一下蠻好的，因為6年來沒好好休息，「我今年32歲，同仁常開玩笑說局長你的白頭髮怎麼那麼多？」他說他不嫌累，但從選票的反應卻表示團隊有很大反省空間，「市長說凡事要反求諸己，不要怪別人，這是很好的機會，沉澱一下，好好思考未來。」 卓冠廷說，寶貝女兒3月要出生，全家現在都全心準備迎接新生命誕生。而雖然開心談迎接新生命，但卓冠廷仍難免落寞，他說他的角色深夜11點接電話是平常的事情，過去4年沒日沒夜這麼努力，為何最後反應出來民意上的選票跟成績有一段落差？他說他真的要趁這段時間好好沉澱思考檢討。(曾雪蒨／台中報導)出版:08:44更新:13:32想知道更多，一定要看……【最即時專題1】被中央拖累「上屆贏的票都吐回去」　林佳龍邁向綠營中生代接班,林佳龍大將卓冠廷難掩落寞　失業放空等當奶爸
9,政治,高雄市準市長韓國瑜前天當選後，馬不停蹄向外界請益與徵詢新高雄市府新團隊名單，未有公開的謝票行程，為安撫許多支持者的心，韓國瑜錄了一段感謝辭，今起以12輛宣傳車沿街播放的方式，來表達謝意，且喊話「我韓國瑜保證會認真做好市長的工作。」韓國瑜前天深夜召開當選後記者會後，就無公開行程，有部分支持者遲等不到謝票訊息而感到不安，韓國瑜的幕僚表示，韓國瑜內心急切要為高雄打拼，昨起開始請益與徵詢高市府新局處首長人選，謝票部分，暫以錄音檔對外表達謝意，親自謝票行程，日後另行安排。 韓國瑜在錄音檔中表示，「感謝各位鄉親的愛護，這次能順利當選高雄市長，我韓國瑜保證會做好市長的工作。」從今年八月就開始幫韓國瑜助選的前飛官畢克文，今也開著韓國瑜習慣坐的戰車，行駛高雄市區，沿街播放韓國瑜的謝票感言，韓親自謝票行程，會日後再安排。(吳慧芬／高雄報導)想知道更多，一定要看……韓國瑜選後拼經濟　當選隔天熱線郭台銘邀設廠傳被徵詢出任韓國瑜副手　楊秋興：容我保留警界也颳韓風　李佳芬握手道謝警察影片瘋傳看了這則新聞的人，也看了……韓國瑜好險！吳敦義「母豬說」　差點輸掉高雄,急拼經濟緩謝票　韓國瑜錄感謝辭宣傳車放送
10,政治,民進黨選舉大敗，總統府秘書長陳菊和行政院長賴清德先後辭職，總統蔡英文強力慰留後都留下。而黨籍立委李俊俋則喊出接班，立法院長蘇嘉全今受訪表示，尊重每一個人的想法，但他質疑，黨主席要由誰來接，還是要經過民進黨內部的討論，「中生代的定義是什麼？幾歲以內？還是政治資歷？ 什麼叫中生代？」蘇嘉全認為，還是內部好好討論，領導這個黨，贏得民心最重要。蘇嘉全說，民進黨該怎麼檢討，不是在這一兩天立即就可以作出所謂檢討結果，必須經過中央黨部相關的政策決定者，大家好好體察民意，到底人民在想什麼？過去兩年多所進行的改革，政策推動有沒有符合民意想法，要檢討討論，未來剩下一年多，要徹底落實才能挽回民心，這一點民進黨領導者應該非常清楚。蘇嘉全說，一個選舉選輸不是單一的事項，一定是非常多的因素累積而成，「如果大家都覺得是自己因素就辭職，那我看大概每一個人都要辭職。」蘇嘉全說，現階段還是以政局穩定為主，政局穩定不是一個黨的問題，是全國人民的問題，讓政局穩定朝對的方向來做，相信民進黨還是能得到民心。（陳郁仁/台北報導）,綠委提中生代接班　蘇嘉全：贏得民心最重要 
11,政治,前行政院長蘇貞昌披袍再戰新北市長失利，得票數87萬餘張，慘輸對手國民黨侯友宜116萬餘張，差距將近30萬創下歷史紀錄，也等同民進黨在新北市「潰敗」。蘇選後表示仍會「繼續衝」，讓外界認為他有意角逐黨主席；不過今天他到土城車隊謝票時回應，應該由「優秀中生代」承擔更大責任，而他願意擔任協助角色。綠營人士研判，蘇將輔佐賴清德奪得黨主席大位，繼續在政治圈內活躍。蘇貞昌今年初原本力挺子弟兵、立委吳秉叡，出馬競選新北市長，還曾說過「跪下扛都願意」，不過吳的聲勢一直上不來，令黨中央憂心；今年4月，民進黨決定徵召老縣長蘇貞昌取代吳秉叡，引起一片譁然，但曾在神明前發誓不選第三次台北縣長（意同現在新北市長）的他，因打破承諾，「騙神明」魔咒也從此揮之不去。而經過大半年的激烈選戰，在民進黨中央執政不力的拖累下，蘇貞昌最後還是敗給從前老部屬侯友宜。上周六晚間7時40分見大勢底定，蘇也率領競選團隊出面宣布敗選，除感謝大家支持外，也強調黨一定要深刻檢討，更表示自己也會繼續衝，而總統蔡英文稍晚也辭去黨主席一職。蘇貞昌臉書首頁圖片在選後已改版，留下「深深感謝繼續衝」7字引人揣測，外界也質疑新北市長一役並非蘇的最後一戰，可能有意再出馬角逐黨主席；而蘇經過周日沉澱1天後，今天上午現身與立委吳琪銘到土城區掃街謝票，對於沒達到支持者願望表示歹勢（抱歉）之意。蘇表示，昨周日的時間，他確實有打電話向一些曾經幫助過他的人致意，但是還是有很多電話沒有打完，當然自己也有接到滿滿的熱情鼓勵，自己都非常感謝。至於外界關心他的下一步，是否直指黨主席之位？蘇認為，黨主席該誰來接任？應該由「優秀的中生代」來承擔更大的責任，他願意扮演協助的角色。至於哪一位是優秀的中生代，蘇認為他不適宜點名哪一位政治人物接棒，也暫不做評論。蘇也解釋「繼續衝」的意思，三字代表這一路走來他都不忘初衷，是希望台灣更好，要守護台灣的民主價值，雖然遭遇重大挫敗，還是要繼續守護，繼續堅持。蘇最後也呼籲，民進黨現正遭遇重大挫敗的此時此刻，全黨是應該反省檢討，調整腳步，而不是去想到那麼遠，又是在想選舉。綠營資深人士觀察，行政院長賴清德選前至少3次以上到新北市幫蘇貞昌助選，風雨無阻陪同掃街，2人好交情不言可喻，顯示黨內「蘇系」與「新潮流系」合作成定局，未來可望奪下主席大位，賴可順利出線掌管綠營；而蘇反過來扮演幕後操盤手，依舊能在政治圈活躍。（突發中心曾佳俊／新北報導）看了這則新聞的人，也看了……林佳龍大將卓冠廷難掩落寞　失業放空等當奶爸警界也颳韓風　李佳芬握手道謝警察影片瘋傳「選擇留下比離開更艱難」　陳菊：留下來共苦患難,【最即時專題2】蘇貞昌大敗有氣度　無意黨主席同喊「中生代接班」
12,政治,九合一選舉餘波盪漾，屏東縣長治鄉德榮村長候選人林明成與陳家宥，同獲338票，今天上午在長治鄉公所抽籤，結果現任社區理事長林明成抽得「當選」籤，成為下屆德榮村長，但陳家宥對抽籤結果不接受，表示當日開票時，有好幾次掉落選票，甚至有熄燈現象，將申請重新驗票。 長治鄉有16村，本次德榮村有4人參選村長，是有史以來競爭最激烈的一次，今天上午抽籤決勝負，抽籤共進行二次，先抽順序籤，再抽是否當選，順序結果由陳家宥先抽，結果一抽就抽到「不當選」籤，陳家宥當場臉色鐵青，此時籤筒內只剩「當選」籤，但林明成仍上前完成抽籤動作。 林明成表示，今天上午抽籤前還先到廟裡拜拜，未來上任後會全力為村民服務；而陳家宥則是神色凝重表示，抽籤結果只是一個程序問題，當天開票時，有好幾次掉落選票，甚至在唱到他名字的時候曾有熄燈現象，他將申請重新驗票。 長治鄉公所民政課長李鎮衛表示，候選人如果不讚成這次抽籤結果，可循司法程序申請驗票，鄉公所會全力配合。 值得一提的是，長治鄉另一個德和村四年前也發生同票抽籤，結果由現任村長潘豐全抽中，當年沒抽中的廖學桂，今年捲土重來，以78歲高齡打敗潘豐全，終於當選村長。（羅琦文／屏東報導）,長治鄉德榮村長同票抽籤　未當選者要求驗票
13,政治,民進黨九合一大選大敗，13個執政縣市僅保住6個，總統蔡英文辭去黨主席為敗選負責，黨內改革聲浪再起。民進黨立委李俊俋昨率先喊出「中生代提早全面接班」，今再提出「內造化政黨」，他說，民進黨應將過去的政策重心從行政院、黨部政策會移至國會，由國會議員成為決策的中介者和協調者，另民進黨也必須承認，過去行政部門把立委當傳聲筒是重大錯誤，畢竟國會議員在第一線接觸民意，最能反映真實民意。李俊俋解釋說，他所說的內造化政黨，是由著名的政治學者杜瓦傑(Duverger) 所提出，依政黨的權力來源將政黨區分為「內造政黨」與「外造政黨」，而內造政黨是以國會議員或組成團體為核心，所有思維、論述與行動，皆以國會議員、民意為導向，具有即時反應，與時俱進的特點，更可強化政策的溝通力。李俊俋認為，過去多半都是行政院確定政策之後，立法院幫忙擦屁股和護航，雖然現有行政、立法協調的便當會，可立委的意見常常沒有被採納。立委才是第一線接觸民意的人，立委最能扮演橋接的角色，反映真實民意給行政部門與政黨。因此李俊俋認為，黨機器和國會議員、行政部門之間必須有強烈的橋接，合組有效的決策機制，讓行政院成為能夠回應挑戰、開創未來的執政團隊，黨機器可能隨時滾動式的調整方向。李俊俋提出四點建議，第一，民進黨須承認立委被視為行政機關傳聲筒的角色錯誤，重建國會多數黨戰鬥力主動切入民眾最關心的議題及政策，讓國會議員成為決策中介者與協調者；第二，應將過去政策重心從行政院以及黨部政策會、智庫移至國會，由黨部政策會、智庫扮演後勤的火力支援，重新建構黨部、行政與立法的角色與定位問題。第三，立法政策的擬定，必須透過黨團集體決策，論述必須去派系標籤化，內部可形成議題友好聯盟；第四，行政、立法共同面對，並善意回應公民投票直接民意的結果，依照《憲法》體制與《公民投票法》給予選民正面回應，並加強政策溝通。李俊俋指出，希望「內造化的民進黨」能夠成為新階段的使命，以找回民眾的認同感，徹底告別「沈默螺旋」的漩渦。（余祥／台北報導）想知道更多，一定要看……【砲打中央】台南民進黨四連霸議員補刀　籲「黨核心解散重組」【選後分析】《蘋果》全方位大選圖表　3分鐘看懂24年藍綠趨勢他挺丁提選舉無效！「不為自己爭權益的人，不會替市民爭權益」看了這則新聞的人，也看了……【K律師論點】丁守中求翻盤3大障礙　這點難度最高涉賄嘉市副議長郭明賓順利連任　出庭喊「還我清白」反同婚、以核養綠公投都過關　賴清德：會依法完成後續工作,「把立委當傳聲筒是大錯」　李俊俋再開砲：政策重心移國會
14,政治,民進黨九合一大選慘敗，基層追討聲浪不斷，繼嘉義市黨籍立委李俊俋昨開第一槍，在臉書貼文，主張黨内中生代提早全面接班。台南議員今也接著補刀，成功四連霸的民進黨台南市議員蔡旺詮，今天提出解散民進黨決策核心，重組改造，重新贏得民眾信任。吊車尾連任的蔡旺詮，屬民進黨派系正常國家促進會的成員，以政治大海嘯形容這次的慘敗。他今憂心說，民進黨這次大選慘敗，因應外界環境變化，建議黨核心能夠解散重組，決策權力交棒給中新生代，否則還是會被選民背棄。至於決策核心解散改造，應該廣納各方勢力，虛心檢討，實實在在接地氣。（劉榮輝／台南報導） 想知道更多，一定要看……【茶壺風暴】李俊俋開砲要中生代接班 　蔡英文這樣回應選後究責！中生代提早接班說　林智堅：反省不分世代民進黨​中生代全面接班　林右昌：應先凝聚共識看了這則新聞的人，也看了……南市長選舉大黑馬！「最棒里長」超越「虧雞福來爹」獲第三高票,【砲打中央】台南民進黨四連霸議員補刀　籲「黨核心解散重組」
15,政治,九合一選戰落幕，藍、綠地方版圖出現大洗牌，在國民黨高雄市長當選人韓國瑜的「韓流」帶動下，民進黨在六都市長、各縣市長及議員席次均慘敗；台北市長選情更纏鬥10小時才分出勝負；《蘋果》特別製作「全方位大選分析圖表」，帶您3分鐘看懂最新選戰結果及24年來歷屆大選藍、綠選票消長趨勢。 今年大選選情激烈，原本擁有13縣市執政優勢的民進黨，在選民「不爽民進黨」的氛圍下，最後只保住6縣市，慘丟台中、高雄兩直轄市及彰化、雲林、嘉義、澎湖等7縣市；相較之下，國民黨則奪下15縣市長，在4年前落敗的縣市，全數回歸國民黨執政；台北市長柯文哲4年前吹起的「白色旋風」，今年在缺乏民進黨奧援下，與國民黨丁守中纏鬥到隔天凌晨2點半，才以3254票勝選；丁守中對今年選務大表不滿，將提出選舉無效之訴。 台灣民主政治以藍、綠為主，不管是中央或地方，政黨輪替已成常態，為讓讀者了解最新民意變化趨勢，《蘋果》數位視覺團隊特別製作「全方位選戰分析圖表」，透過最簡明的圖表與數據分析，一次看懂六都市長、議員得票數、得票比例，以及國民黨與民進黨在歷屆選舉的得票數消長趨勢。 在全國縣市長部分，《蘋果》也以圖像化概念，透過地圖設計，帶您一次看懂全國22縣市的選舉結果；同時也透過歷屆大選票數統計，3分鐘懂最近24年來、11次大選的藍、綠得票數消長趨勢。 另外，《蘋果》也製作此次10項公投結果表，完整呈現10項公投案的完整票數與最終結果。(綜合報導) 要了解最完整的選戰結果及圖表分析，請上【九合一選舉開票看蘋果】網站：https://tw.feature.appledaily.com/election2018/,【選後分析】《蘋果》全方位大選圖表　3分鐘看懂24年藍綠趨勢
16,政治,,他挺丁提選舉無效！「不為自己爭權益的人，不會替市民爭權益」
17,政治,苗栗縣三義鄉龍騰村第21屆村長選舉，共有前村長妻子吳陳貞蓉和黃秀玉兩名女將對決，結果24日開票結果，竟巧兩人都得到168票。鄉選委會今天上午舉行抽籤，結果吳未到場，改由鄉公所秘書吳樹秋代抽，手氣較好、抽中當選的籤筒，鄉選委會決定11月30日一起公告當選名單。黃秀玉淡定說：「一切隨緣，不會聲請驗票。」三義鄉選委會表示，龍騰村共有404名選舉人，此次共有343人領取選票，開票結果吳陳貞蓉（50歲、前村長吳聲金妻子）、黃秀玉（62歲），得票數都是168票，廢票7票。鄉選委會今天上午9點舉行抽籤決定當選者，縣選委會到場督導，警方不敢大意派遣數名警力戒護。選委會依據規定，安排先登記參選的吳陳貞蓉抽順序籤，唱名3次吳未到場，改由主持人、鄉公所秘書吳樹秋代抽。吳樹秋手氣好，攪動籤筒、抽開籤蓋後，當場公佈結果，幫吳陳貞蓉代抽到「當選」籤，黃秀玉也鎮定走完程序，抽開確定是不當選的籤筒。黃秀玉說，慶幸2人得票數都是「一路發」，抽籤結果隨緣看待，不會聲請驗票，希望對手能盡心盡力為村民服務。（楊永盛／苗栗報導）出版時間  10:24更新時間  12:43,三義鄉龍騰村長選舉同票　未到場抽籤者當選
18,政治,民進黨在九合一大選慘敗，總統蔡英文請辭黨主席，行政院長賴清德與總統府秘書長陳菊也都跟進請辭，不過賴陳兩人今早都決定，接受總統慰留。陳菊在臉書說，，選擇留下要比離開更為艱難。昨晚與蔡總統再三討論，一夜長考，我選擇留下，共苦患難。感謝大家的關心。 陳菊說，面對民進黨在這次選舉的重大挫敗，沒有藉口，只有尊重、感謝，以及最深刻的檢討反省。「感謝高雄的市民朋友給我們12年的機會，我和團隊歷經天災地變、管線氣爆，承擔了生離死別、羞辱，甚至是霸凌，一路走來，高雄沒有倒下，而是在困境中站了起來，持續進步。然而，高雄的選舉結果讓很多支持者失望了，我知道我們還是做的不夠好，未來，我們必須接受人民的教訓，謙卑、更努力，接受更高標準的檢驗。」 陳菊說，「在這最艱難的時刻，選擇留下要比離開更為艱難。昨晚與蔡總統再三討論，一夜長考，我選擇留下，共苦患難。感謝大家的關心。」（何哲欣／台北報導）想知道更多，一定要看……【賴清德談話全文】接受總統慰留　留下來繼續努力【選後謝票】敗選後謝票起跑　蘇貞昌：黨主席應中生代接棒總統府：考量政局穩定　陳菊決定留任秘書長看了這則新聞的人，也看了……高雄內門光興里長同票　現任抽中「未當選」【K律師論點】丁守中求翻盤3大障礙　這點難度最高韓國瑜好險！吳敦義「母豬說」　差點輸掉高雄,「選擇留下比離開更艱難」　陳菊：留下來共苦患難
19,政治,作者：林智群律師（klaw)丁守中選舉無效訴訟要攀爬的舉證大山有三座！丁守中決定不驗票打當選無效訴訟，決定打選舉無效訴訟，這個決策嗯我只能說他們高興就好！驗票打「當選無效訴訟」，是一翻兩瞪眼，差幾票就是幾票，沒什麼好說的！丁守中決定打「選舉無效訴訟」，首先面對的，就是舉證上的困難，就是要證明1.一邊投票一邊開票有影響選民的想法2.選民都是決定棄姚保柯，而不是看到柯丁平手，本來要投柯的轉投丁3.這些4點以後才投票的，且臨時決定棄姚保柯的選票，要超過3254票，才算足以影響選舉結果上面三點，其實都非常難證明！特別是第三點，難道丁的律師團可以找到3000多個證人，證明他們那天是4點後才投票，看了開票過程，臨時改變心意不投姚改投柯，這幾乎是不可能的任務，特別是丁要找的證人，即使真的有這樣的人（假設語氣），也是不喜歡丁的（再怎麼選也不會選丁的），怎麼可能出面幫丁作證？這個用膝蓋想就知道困難度了～即使你可以找到三千多個證人，也不是你證人說什麼，法官就要無條件相信你，你找一堆老榮民操著鄉音說我本來要投姚文智，法官會相信嗎？即使相信，證人要怎麼證明自己剛好就是4點以後才投票的呢？光是這些技術上細節就搞死你了！如果丁的律師團克服了上開種種障礙，說服法院判定選舉無效要重選，那我真的要對丁的律師團頂禮膜拜以表示我的崇敬！※本文由 林智群律師（klaw) 授權轉載。※針對時事想闡述專業法律見解嗎？歡迎來稿蘋果日報法庭中心。相關新聞↓↓↓丁守中不驗票了！ 將提選舉無效之訴 ,【K律師論點】丁守中求翻盤3大障礙　這點難度最高
20,政治,高雄市長當選人韓國瑜「韓流」效應席捲全台，大贏對手陳其邁15萬票！開票當天，國民黨高雄市黨部前的建國三路，塞滿5萬名欣喜若狂的支持者，將現場擠得水洩不通，支持者甚至待到凌晨還不散，讓在現場維持交通、維護當選人安危的高雄市警方累翻，韓國瑜妻子李佳芬在選舉當天晚上，為感謝執勤警方辛勞，向在場警察一一寒喧握手道謝，該段影片在Line群組瘋傳，傳遍北中南各地的警方，讓警界也颳起一陣「韓風！」 近1分鐘的影片，只見李佳芬不停向在場執勤的警察道謝聲，李佳芬：「感謝，謝謝，謝謝你們，辛苦哦」，警方回禮「夫人好！」李佳芬笑著說：「我不太習慣人家叫我『夫人』」，現場立刻有警方提醒「叫佳芬姐就好」女警也忍不住：「我們可以一起拍照嗎？」高興地和李佳芬一起合影。 不僅基層警方搶著和李佳芬合照紀念，高雄市警察局長李永癸也請下屬向李佳芬遞上「恭喜韓國瑜先生當選高雄市長」的紅單，照片也傳遍全國警界，雖然遭基層酸：「局長這麼快就輸誠！！」警方解釋：「每屆選舉都會預先備好紅單，選舉結果確認後，就由當地主官遞上紅單祝賀，非首例！」（石秀華／高雄報導）,警界也颳韓風　李佳芬握手道謝警察影片瘋傳
21,政治,（更新：新增楊秋興說韓國瑜與郭台銘通話約5-10分鐘）打造高雄全台首富，是凖高雄市長韓國瑜競選時重要政見，在前高雄縣長楊秋興牽線下，韓國瑜昨親自致電鴻海集團總裁郭台銘，兩個都是「阿莎力」性格的領導人，傳在電話中交談甚歡，韓國瑜更力邀郭台銘擴大在高雄的投資，希望落實高雄對外大開大放、全力攻經濟的政見。 據了解，韓國瑜是於25日下午3點多在左營蓮潭會館與楊秋興等人會商，在座人士還有立委許淑華。韓國瑜在24日開票結束後就未再安排公開行程，陣營人士透露，韓國瑜就如他在當選感言中說的，沒有絲毫喜悅，千斤萬斤一肩扛，對於如何改善高雄經濟相當急切。 據了解，鴻海目前在高雄軟體科學園區原本就有數位匯流數據中心和辦公室，另旗下群創（3481）在高雄路竹設有6代LTPS廠等。 與會者之一楊秋興說，會中在談到擴大企業家到高雄投資時，他提到了郭台銘，若能爭取郭在高雄擴大投資，能創造許多就業機會，「我立刻撥了電話給郭台銘，郭台銘也接了電話」，接著就讓郭台銘與韓國直接熱線通話。 楊秋興說，韓國瑜大概只跟郭台銘通話五至十分鐘，「我不方便細聽兩人談話內容」，但掛完電話的韓國瑜顯得非常開心，因為若能吸引郭台銘這種世界級總裁到高雄擴大投資，決對是高雄大利多，「全世界數一數二企業家、大廠商，都是郭總裁的好朋友」，若有郭台銘相助，可助力拼經濟的高雄向國際大廠招手。 據了解，韓國瑜與郭台銘在熱線中，談及鴻海在高雄軟體科學園區建置的「數位匯流數據中心」，希望能夠有更多不同發展，擴大人才招募以及如何招商等話題。 鴻海集團在高雄軟科的投資案，早在2008年就簽署投資意向書，當年郭台銘為呼應前總統馬英九愛台12建設，南下簽署投資意向書，還跟時任市長的陳菊討論土地規劃問題。據當年評估，此案可創造3000個軟體工程師的就業機會，郭台銘當時曾指出，政府要藉此平台，結合高雄港，整合發展出亞洲物流園區。 不過此案後來發展波折不小，郭台銘投資的「高雄軟體園區育成研發大樓暨雲端資料中心」雖已完工招商，但僅集團旗下的鴻佰等公司進駐，據了解，員工數也不到當年提及的3000人。（吳慧芬、蕭文康／高雄報導）出版: 11:13更新: 12:33,韓國瑜選後拼經濟　當選隔天熱線郭台銘邀設廠
22,政治,被檢方指控涉嫌透過樁腳賄選的嘉義市議會副議長郭明賓，選前因嘉義市議會撐起保護傘未遭逮捕，24日開票後也順利連任下屆議員，他今天在律師陪同下到地檢署出庭，對媒體強調「來地檢署是要還我一個清白」。 檢調警本月10日大陣仗到郭明賓競選總部搜索，而郭早在6日出國到上海看病，直到市議會13日開議第2天才現身議會，檢方向嘉義市議會提出逮捕及拘禁要求，但遭到議會投票反對。 嘉義市議會為郭明賓張開「保護傘」，本來檢方打算到12月11日市議會結束後逮捕郭明賓，但郭明賓又以3775票當選下屆議員，因此檢方發出傳票，要他今天要到庭說明，郭明賓依約在律師陪同下出面，看到記者即說「我來主要是還我一個清白」 嘉義地檢署主任檢察官說，檢方在今日訊後也會將郭明賓請回，不會提出聲押等強制處分，不過未防止郭明賓出境，已函文相關單位發布禁管通知，以確保後續偵查順利進行，但若郭想出境時，境管局必須通知嘉義地檢署，獲准才能放行。 郭明賓選前在看板訴求「你的一票是救命票」，最後以3775票第5度連任議員，59歲的郭明賓口才好，反應快，他從賣車業務員踏入政治圈20年，最後還當上副議長，這次蕭淑麗退出議會參選市長，郭被蕭家班規劃為議長最佳人選，因此郭明賓是否被檢方聲押，已成為嘉義市民最關心的話題。（王智勇／嘉義報導）,涉賄嘉市副議長郭明賓順利連任　出庭喊「還我清白」
23,政治,民進黨立委羅致政今天在立院質詢時秀出中國網軍標誌，詢問負責統合國家情報的國安局長彭勝竹，但彭勝竹居然一臉茫然，甚至連羅致政追問，台灣負責反制中共網軍的單位是誰？彭勝竹僅低聲回說，有關所有網路上的狀況，原則上是國家通訊委員會NCC管。羅致政則憂心地向彭說，不要推給國防部、資安處，「我們要反守為攻，這個是相當重要的。」 立法院外交國防委員會今日邀請彭勝竹就「國安局2019年度施政計畫及收支預算案報告」。羅致政質詢時秀出中共網軍的標誌，特別詢問彭勝竹，「這是什麼單位？」但看到彭勝竹一臉茫然，羅致政則要求國安局第四處或五處回答，國安局四處處長則回答說是「戰略支援單位」，羅致政則要求全稱，國安局官員才說，是「中華人民解放軍戰略支援部隊」。 羅致政指出，解放軍戰略支援部隊對外公開資訊不多，但國內除了國防部外，應該是國安局最了解，他想了解國安局到底了解多少。彭勝竹則在看著幕僚提供的訊息後表示，這單位是在2015年12月31日成立的，由中國領導人習近平親自出席主持。羅致政追問其成立的目的，在彭勝竹在無法回答的情況下，羅致政要求局內知道的人代答，因此五處處長答詢說，該單位是主要是把原先散布在各軍區、其他參謀部的組織組合在一塊，組成戰略支援單位，還把太空、網路部分都納入。等於是把情報、航天、電管、網路作戰、電戰、指管都納入，最主要是有助於其戰力整合、裝備的訓練、採購及指管通情的整合，使其戰力加大提升。 羅致政進一步指出，解放軍戰略支援部隊不僅是資訊戰的專責單位，如何運用情報成為網路攻擊的一部分，這是台灣要面對的問題，我方怎麼看待此單位及反制作為？國內到底那個單位負責？彭勝竹則沉默以對，第五處長表示，國安局是針對妨害情資的蒐集，相關的反制則不在本局範圍內。羅致政進一步說，他問了行政院、國防部資通電軍、軍情局都說「這個不是我管」，因此台灣到底是那個單位負責？但在場官員都不回答。羅致政追問說「台灣負責反制的單位是誰？」彭勝竹說，有關所有網路上的狀況，原則上是NCC管。 不過羅致政立即打臉說，NCC說管不了假訊息，所以沒人管？第五處長則回說，目前國內在防禦中共戰力或境外敵對勢力的網軍攻擊，其實是有一個體系在運作與負責，作防禦作為。因此以政府體系來講，針對這種態性攻擊是資安處。羅致政立即回說，資安處也不太管。第五處說，在資通安全會報的體制下，政府各單位都會納入，而行政院資安處是祕書單位，會針對相關網害情資進行防範，因此資安處會定期進行攻防演練。 羅致政並提出一個「想定」說，當中國都已經在對岸集結，突然網路上傳出「我們就放棄了吧！我們就投降了吧！不會贏的！為了減少損失，我們儘快投降」，且網站上99%訊息都是這樣，請問局長怎麼辦？彭勝竹則回說，基本上要處理這樣訊息，國防部和相關單位會作處理。羅致政說，坦白說，他是蠻憂心的。不要推給國防部、資安處，國安局要反守為攻，這個是相當重要的。（王烱華／台北報導）    想知道更多，一定要看……反同婚、以核養綠公投都過關　賴清德：會依法完成後續工作高雄內門光興里長同票　現任抽中「未當選」【賴清德談話全文】接受總統慰留　留下來繼續努力看了這則新聞的人，也看了……韓國瑜當選說這句話　高雄人瘋狂谷歌「這四字」韓國瑜選後拼經濟　當選隔天熱線郭台銘邀設廠【選後謝票】林姿妙車隊掃街謝票　副手人選最快一周後公佈,國安局長不認識中共網軍標誌　羅致政：我很憂心
24,政治,台中市長當選人盧秀燕今天上午繼續拜票行程，針對明年元旦起台中市民免費看花博的福利，盧再加碼讓全國兒童免費看花博；另外，針對北區及北屯區立委補選一事，盧秀燕表示，尊重公平的機制不會介入，她會輔選公平產生的適合人選，讓民眾擁有一個相當優質的民意代表。 盧秀燕今天上午拜會台中水利會，針對台中市民免費看花博的福利，有人質疑會有借用身分證入園的漏洞，但盧強調身分證已經是中華民國最強的身分辨識工具，相信民眾會珍惜這項專屬台中市民的福利，「更何況之前的花博卡連照片都沒有，更容易被冒用。」。 盧秀燕表示，台中市的兒童連證件都不用，可以直接入園；另外非台中市的小朋友也適用，全部直接入園，因為她是「媽媽市長」，小朋友很重要，兒童教育及婦幼福利她都很重視，她要讓國家未來主人翁有更多開眼界的機會，而且外縣市的小朋友免費，也可以帶動大人一起來看台中花博，促進台中經濟。 隨後盧秀燕返回大里競選總部，展開掃街拜票行程，行前回應媒體提問有關內閣人選，盧表示，會有整體的考量不會讓大家失望，被徵詢的當事人有個別和家庭的考量，必須先尊重每位當事人，所以等市府內閣名單完全確認後，會再對外公佈。 至於未來正副議長人選一事，盧秀燕強調，國民黨拿下32席，要爭取正副議長應該不是問題，議會代表的是民意，她絕對尊重議會、尊重民意好好調整政策，不會自我感覺良好，未來府會關係一定要和諧，台中市的每一份力量不能互相抵銷，不管是府會關係，或是政府和民間的關係，我們要讓各種力量一起加乘，發揮綜效，讓台中的未來大幅進步成長。 另外，針對新北市長朱立倫提出：要讓地方首長成為決策核心，盧秀燕認為，這麼多年來她能夠連選連任，很重要的原因就是傾聽民意、尊重民意、實現民意，「民意在哪裡，我們就站哪裡」，「以民為主」這是她多年來實踐的理念。(蔡智銘／台中報導),新科中市長盧秀燕　加碼全國兒童免費看花博
25,政治,九合一選舉結束，同時進行的10項公投案中，也有7項過關。外界關注以核養綠公投過關後，政院是否會重新考慮以核能發電為選項？行政院長賴清德今天表示，行政院會尊重公投結果，後續與國會執政黨團討論，依照《公民投票法》完成後續工作，他強調，「我是民主萬歲的人」，公投解決朝野各執立場的議題，毋寧是一件好事。 賴清德今天召開記者會，面對公投問題，他表示，行政院秉持三原則處理：尊重公投結果、牽涉立法行政結果的，後續政院將和國會執政黨團充分討論，最後，依照《公投法》第30條，以相關法定程序完成後續工作。他正面看待公投，「我是民主萬歲的人」，朝野針對議題各執立場，讓台灣停滯不前，有《公投法》解決爭執，毋寧是一件好事，他正面看待各項結果。 至於以核養綠公投過關，會和「非核家園」抵觸嗎？賴清德說，會和國會執政黨黨團共同討論，《電業法》95條之1在3個月內就將失效，政策調整部分，行政院會儘速完成調整。媒體追問，會牽涉核電廠延役、除役的規劃嗎？賴清德說，該項公投是複決案，30日公告後，政院就會把廢止條文送到立院審議，做公投結果的完備動作，後續能源政策調整，則要和立院討論後，再完整和社會說明。 對於反日本核災區食品進口公投也過關，賴清德則說，政院以上述3原則處理，行政院還需和國會溝通，不宜直接對每項公投案做明確立場，但原則上尊重。媒體追問，會影響台日關係嗎？賴清德則未回應。 行政院發言人Kolas Yotaka（谷辣斯・尤達卡）說，公投案結果呈現台灣民意，行政機關依法行政，也會是未來選後往前走的第一步，政院會反省、檢討。此外，對於反同公投過關，賴清德在記者會上雖未回答，但Kolas也說，公投第12案是以《民法》以外法律保障同性婚姻，行政院會在3個月內提出專法版本，至於能不能在大法官釋憲釋字748號所指的5月底前過關，就要尊重立法院議程安排。（符芳碩／台北報導） 想知道更多，一定要看……韓國瑜好險！吳敦義「母豬說」　差點輸掉高雄【賴清德談話全文】接受總統慰留　留下來繼續努力傳被徵詢出任韓國瑜副手　楊秋興：容我保留看了這則新聞的人，也看了……【選後謝票】敗選後謝票起跑　蘇貞昌：黨主席應中生代接棒【選後謝票】林姿妙車隊掃街謝票　副手人選最快一周後公佈三義鄉龍騰村長選舉同票　未到場抽籤者當選,反同婚、以核養綠公投都過關　賴清德：會依法完成後續工作
26,政治,韓國瑜代表國民黨出征高雄，奇蹟般大勝！但其實，他差點因為黨主席吳敦義的一席話，輸給陳其邁。 吳敦義選前暗諷總統府秘書長陳菊「肥滋滋母豬」，藍綠陣營譁然。韓國瑜當晚立即在造勢大會上譴責，雙北市長候選人侯友宜、丁守中陸續表態不支持；吳敦義隔天鞠躬道歉。 《聯合報》報導，根據國民黨內部民調，吳敦義失言當晚，韓國瑜民調從原來領先8%，狂跌至與陳其邁僅差1%，各陣營急得跳腳，決定與吳切割，才及時穩住局面。 黨內人士認為，若論功行賞，吳敦義身為黨主席當然有功，如他提名韓國瑜、楊文科（新竹縣長當選人）等人。但「母豬說」嚴重傷害吳社會聲望，2020大選幾乎已宣告出局，「救不回來了」。（王嘉慶／綜合報導）(新增配音影片)出版0757更新1205想知道更多，一定要看……【選舉無效之爭】館長轟丁守中貪！柯粉丁粉掀罵戰政府不甩以核養綠公投　館長怒「把民意當放屁」【最即時專題1】被中央拖累「上屆贏的票都吐回去」　林佳龍邁向綠營中生代接班看了這則新聞的人，也看了……正妹攝影師為柯P謝票　「在此脫掉露小丁丁」九合一大勝　國民黨「三顆太陽」馬吳朱較勁爭大位,韓國瑜好險！吳敦義「母豬說」　差點輸掉高雄
27,政治,（更新：增加林忠順要驗票）高雄市內門區光興里長選舉今年出現同票數情況，陳德旺與林忠順同樣獲得281票，今天上午10點在內門區公所抽籤，靠手氣決定勝負，結果先抽的林忠順抽中「未當選」，讓後抽的陳德旺順利當選里長。林忠順抽完後向陳德旺恭喜，但他表示將會和律師研究後，可能提出驗票的聲請，因為選舉過程可能有領錯票或算錯票的瑕疵，陳德旺則表示十分緊張，雖然開心當選，但也表示承擔服務選民的責任。內門區全區人口僅1萬4465人，全區共有18里，除一人參選的永富里、東埔里與內興里外，多數里競爭激烈，各候選人票數差距不大，其中，光興里人口數754人，這次里長選舉，共有陳德旺、林忠順兩人參選，林是現任里長，陳的父親過去曾出馬挑戰里長落敗。投票結果顯示，兩人同獲281票，兩人今天上午在內門區公所抽籤決定里長當選人。抽籤過程分兩階段舉行，先抽次序籤，登記一號的陳德旺抽中後抽，登記二號的林忠順則是先抽，隨即進入第二階段的當選籤，先抽的林忠順抽中「未當選」，陳德旺則是還沒上場就已經知道結果，也順利抽出當選籤。（陳宏瑞／高雄報導）出版：11：02更新：12：04,高雄內門光興里長同票　現任抽中「未當選」
28,政治,九合一選舉落幕，民進黨慘敗，只守住6縣市，總統蔡英文請辭黨主席為敗選負責，行政院長賴清德在開票當日也向蔡英文請辭，黨內不少人也拱賴清德接任黨主席，賴清德今天上午親自在政院開記者會說，選舉是對施政的檢驗，選舉結果，對施政不滿意，他已向總統請辭，但昨天與總統討論後，他決定留下來繼續努力。賴清德說，首先要恭喜新當選的縣市長，透過民主程序、得到選民支持，可以在為期四年過程中施展抱負、發揮理想、為城市繁榮服務人民努力。他祝福每個縣市長在過去基礎上平安順利成功，行政院承諾，會與每個地方政府合作、提供必要協助，共同建設國家、造福國人，創造雙贏局面。 賴清德表示，選舉已經結束，每張選票固然是對政府很深期待，也是對施政檢驗，結果是對施政的不滿意，他第一時間除了道歉，也向總統蔡英文口頭請辭。賴指出，昨天下午，經過跟蔡總統討論，「最後決定留下來，繼續努力」，一方面希望政務推動不間斷，也希望穩住政局。後續，行政院會負起責任，滾動檢討，短期內完成公投後續法案，積極回應人民期待。 賴清德也說，他明天率領交通部等部會，到立院報告普悠瑪事件，此外，前瞻基礎建設第二期預算、加入跨太平洋夥伴全面進步協定（CPTPP）的法制作業，都在立院審議中，他有責任讓法案順利通過，也是決定留下原因。媒體詢問，雲林嘉義等農業縣變天，是否調整農業政策？離岸風電政策是否不變？賴清德說，離岸風電屬於綠能，不會有任何縣市阻止，因此不會影響、改變，不過，「這樣的敗選，要檢討的很多」。至於政務官、部會首長被指不接地氣，是否會進行調整？賴清德說，會在適當時間做必要調整，回應人民期待。 另外，媒體也問到，本次選舉，很多縣市提到地方財政問題，會在今年底、明年初提出《財政收支劃分法》修正案嗎？賴清德說，選舉有很多訴求，政院會一一檢視，若能做為參考也會重視。至於兩岸政策，賴則強調，兩岸權責在總統，行政院會秉持總統指示，配合推動相關政務。他強調，拼經濟是施政重點，也是最優先工作，民眾不滿的會檢討改進，其他政策檢討，會把民眾表達意見、首長提出寶貴意見，一併納入參考。至於黨務問題，就由相關單位說明。 行政院發言人Kolas Yotaka（谷辣斯・尤達卡）說，今天上午政務會談時，賴清德就和政委宣布他的決定，簡短表示要留下來，以及對於公投立場就是尊重民意。此外，促轉會、中選會的主委懸缺，人選都會展開徵詢。（符芳碩／台北報導）【賴清德談話全文】我要恭喜新當選的縣市長，透過民主的程序，得到選民的支持，可以在為期四年過程中施展抱負，為城市繁榮而努力。我也要祝福縣市長，能在過去的基礎上，平安順利成功，行政院承諾，會和縣市長一起合作，提供必要協助，共同造福國人，創造雙贏。第二個，選舉已經結束，每一張選票，固然是對政府很深的期待，同時也是對施政的檢驗，選舉的結果，對施政是不滿意，第一時間除了道歉，我也口頭請辭，昨天下午我也跟總統討論，最後最後我決定留下來繼續努力。一方面希望行政院政務推動不中斷，也希望穩定政局。後續行政院呢會負起責任，滾動檢討各項政策，並且短期內，會完成公投後人民期待。第三，明天我會到立院報告普悠瑪事件，以及運輸安全種種事情。 此外針對108年度中央政府總預算和前瞻基礎建設第二期預算，還有進行法制作業也在審議中，這也是我決定留下來其中一項原因，簡單跟大家報告，敬請指教。,【賴清德談話全文】接受總統慰留　留下來繼續努力
29,政治,準高雄市長韓國瑜當選後，馬不停蹄討論高雄市府新人事案，昨天邀前高雄縣長楊秋興、國民黨立委許淑華，商討人事案，外傳韓當面徵詢楊秋興出任高雄市副市長，對此，楊秋興今表示，「容我保留」，「韓市長現有很多名單在徵詢，還沒有做最後決定。」 這場聚會昨下午三點半在高雄蓮潭會館舉行，時間長達三個小時，與會者楊秋興說，韓國瑜下月25日就要上任，照往例高雄市府機要、政務官會先總辭，再進行任命，韓國瑜必須在不到一個月時間，決定高市府小內閣人選，「時間緊迫」，韓國瑜根本沒有休息，並在昨天下午徵詢他的意見。 楊秋興說，韓國瑜在會中有請他推薦一些局處首長名單，「我有提一些人選」，但名單不便透露，且最後決定權是在韓國瑜。 對外傳韓國瑜已徵詢楊秋興擔任高雄市副市長，對此，楊秋興說，「這部分容我保留」，「他（韓國瑜）一定有徵詢多位人士的意願，再做最後決定，以我目前了解進度，他還沒有做決定。」(吳慧芬／高雄報導) ,傳被徵詢出任韓國瑜副手　楊秋興：容我保留
30,政治,韓總就是威？當選後一句話，讓高雄人開始瘋狂「谷歌」(Google)！國民黨籍韓國瑜當選高雄市長，當晚接受媒體聯訪時，表示他對兩岸態度就是「九二共識」，當選後會建立「兩岸工作小組」，他說「我們心中沒有任何圍牆，全部都是道路，條條道路通羅馬，條條大路通發財，條條道路通賺錢！」就有網友發現，自韓國瑜11月24日提出「九二共識」後，隔天上午在全球最大搜尋網站「Google」搜尋「九二共識」的台灣人突然暴增，一直到今天搜尋率仍維持高檔，而更有趣的是，絕大多數搜尋「九二共識」的網友位置都是在「高雄市」，而除了「九二共識」以外，像是「兩岸工作小組」、「九二共識內容」、「九二共識懶人包」都有人搜尋，顯然韓國瑜一句「支持九二共識」影響有多大。根據維基百科資料顯示，「九二共識」是指在1992年，台灣海峽兩岸政府授權的非官方組織海峽交流基金會、海峽兩岸關係協會，在香港會談之後經由口頭協商而逐漸形成的不成文默契。但其實最初在會談中，雙方並沒有達成廣泛的共識，「九二共識」這個名詞也尚未出現。直到2000年4月28日，時逢中華民國總統選舉結束後，行政院大陸委員會主委蘇起首次提出「九二共識」，並闡述為「一個中國，各自表述」，隨後列入中國國民黨的黨綱之中。（即時新聞中心／綜合報導）,韓國瑜當選說這句話　高雄人瘋狂谷歌「這四字」
31,政治,九合一大選落幕，民進黨新北市長候選人蘇貞昌雖敗選，但仍打起精神於今天起連續一周在新北市各地區掃街謝票，答謝選民的支持。蘇貞昌受訪時表示自己抱著感恩的心，對選戰沒有達成選民的期望，感到相當的抱歉。另被問起民進黨黨主席一事，蘇則表示，民進黨在這次選戰中大挫敗，該要整體檢討調整，後續誰來接任黨主席位置，應該由中生代承擔更大的責任「我願意扮演協助的角色」。選戰過後第二天，蘇貞昌雖在新北市長選戰中落敗，但他仍從今天上午開始，預計連續一周在新北市各地區掃街謝票，答謝選戰中支持、投票給他的選民，同時對於選戰結果沒有達成選民的期望，感到相當的抱歉。媒體提及對於民進黨這次選舉大敗如何看待，以及黨主席之位他是否有意願爭取時，蘇貞昌回應，民進黨這次遭受重大挫敗，應該要整個檢討與反省調整，黨主席已經辭職負責任，後續誰來接任，應該由優秀中生代來承擔更大的責任「我願意扮演協助的角色」。而他在臉書上表示「繼續衝」的意思是，我一路走來，我不忘初衷，就是希望台灣更好，我們要守護台灣的民主價值，這次雖然遭遇重大挫敗，還是要繼續守護、繼續堅持，所以還是要繼續衝就是這個意思。（突發中心施昂強／新北報導）出版時間11：20更新時間11：46 看了這則新聞的人，也看了……【選後謝票】林姿妙車隊掃街謝票　副手人選最快一周後公佈​【林右昌專訪】打破市長連任魔咒　要讓基隆蛻變再生落選另類謝票　淨灘行動感謝支持,【選後謝票】敗選後謝票起跑　蘇貞昌：黨主席應中生代接棒
32,政治,韓國瑜幫助國民黨拿下高雄市長，藍營在中南部選情也開出紅牌，立法院前院長王金平在幕後協助動員不遺餘力，選後被認為政壇將再攀高峰。王金平今早受訪謙虛表示，韓國瑜當選是個人魅力，他不敢居功。被問到2020總統、立委大選有什麼想法，王金平說，「我沒有這樣的想法，現在不必去談這個問題」。被問到本屆立委任期結束後的下一步？王金平說，「我認真做好現在的工作，為朝野未來的和諧、和解努力，共同為國政建言，這樣比較適當」。他現在就是多幫助新的主政者推動縣政、市政，讓他們施政符合民意，並與中央配合，大家不分藍綠。王金平表示，這次拿回高雄市對國民黨意義重大，希望民進黨以國家為考量，還有一年半應好好思考如何和在野黨溝通、討論，互相展現善意，國家才能走上藍綠和解，台灣才有希望，施政才能定在精確有效的政策，國政才會順利。被問到現在外界在傳應該由中生代接班，黨主席吳敦義、前總統馬英九都不該再出來？王金平說，國家就是選賢與能，誰是賢、誰是能，中生代有他的長處，年長的也有經驗，老一代的有老一代的長處，如何讓年齡層之間彼此合作，有經驗傳承，未嘗不是好事。（陳郁仁/台北報導）想知道更多，一定要看……總統府：考量政局穩定　陳菊決定留任秘書長【賴清德談話全文】接受總統慰留　留下來繼續努力國民黨大勝瞄準2020　孫大千6問藍營天王潑冷水看了這則新聞的人，也看了……韓國瑜選後拼經濟　當選隔天熱線郭台銘邀設廠【選後謝票】敗選後謝票起跑　蘇貞昌：黨主席應中生代接棒,輔選有功可望邁向2020　王金平：沒這樣想法
33,政治,九合一大選落幕，宜蘭縣長由國民黨籍的林姿妙拿下，由於昨日天候不佳，林姿妙今晨才正式啟動謝票行程，當選後她仍不改柔軟身段，雖然是以車隊掃街方式謝票，但雖站在車上看到支持者仍90度鞠躬致意，林姿妙表示，會好好考慮副手人選，最快一周後公佈。林姿妙受訪時指出，這次選舉感謝所有鄉親全力支持，所以很多鄉鎮市都會前往謝票，至於副手人選，她強調會找最優質、最讚、可以為宜蘭打拼的好選擇，謝票後會進一步好好規劃，預計要一周左右。而競選總部主委林建榮因過去曾任立委，經歷相當豐富也被視為可能的副縣長人選，對此林姿妙指出，林建榮是競選總部的主任委員，這次選舉盡全力幫自己輔選，當然很感謝，他也很認真、很好，但一切還是要好好規劃。林建榮則說，為了宜蘭縣未來的發展，為了讓林姿妙縣長能發揮長才，如果有這個機會當然很樂意為宜蘭縣打拼，但現在還沒接獲徵詢。林姿妙今在林建榮的陪伴下從羅東鎮競選總部出發掃街，沿途不少支持者都特地走出家門揮手迎接，還有人鼓掌叫好，路邊也有駕駛伸手比讚，林姿妙雖此次以車隊掃街，但仍不改柔軟身段，在車上對支持者90度鞠躬致意，若車速較慢時也親自與民眾握手表示感謝。（突發中心張芸甄／宜蘭報導）想知道更多，一定要看……​【選後謝票】勝選後武聖廟還願　侯友宜：認真打拼回應民意  【選後謝票】徐榛蔚得票率創花蓮新高　謝票喊：「守護花蓮尊嚴」【選後謝票】楊文科允諾上任馬上降地價稅　今一路謝票到晚上看了這則新聞的人，也看了……盧秀燕謝票之旅首站到豐原　承諾東豐快速道路復工新科嘉義縣長車隊謝票　翁章梁：虛心反省民意趨向【苗栗謝票】高票當選連任　徐耀昌：「韓流」效應功不可沒,【選後謝票】林姿妙車隊掃街謝票　副手人選最快一周後公佈
34,政治,九合一選舉民進黨大敗，行政院長賴清德、總統府秘書長陳菊相繼請辭。今早賴清德宣布留任後，總統府隨即發出聲明指出，總統蔡英文考量國家政局穩定與各項重大政策持續推動，昨晚邀集陳菊再三懇談後，陳菊決定留任，全力襄助總統在擴大社會對話以及各項革新工作上的努力。 總統府發言人黃重諺表示，對於這次地方選舉的失利，特別是高雄市未能繼續執政，陳菊感到相當自責，並在第一時間向總統辭任秘書長一職，蔡總統認為，過去二十年，從謝長廷到陳菊在任市長的十二個年頭，高雄的蛻變與發展有目共睹，現在市民選擇改變，選擇用更嚴格的標準來要求執政團隊，我們就是虛心接受，並且同樣以最高標準來自我策進。 蔡英文認為，就在這個國家革新前進的關鍵期間，執政團隊的切實檢討與穩健推進非常重要，她希望陳秘書長能夠繼續與團隊並肩作戰，協助她帶領執政團隊在最短時間內凝聚最大的革新銳意，把各項工作做到最好，以回應國民的期待。陳菊在和蔡英文會商後，也決定在此艱難時刻與團隊共同承擔、共同努力，接受總統慰留。（符芳碩／台北報導） 想知道更多，一定要看……【賴清德談話全文】接受總統慰留　留下來繼續努力看了這則新聞的人，也看了……【綠敗選檢討】商總籲調整兩岸政策　黨政人士：縣市選舉無關兩岸【選舉無效之爭】館長轟丁守中貪！柯粉丁粉掀罵戰蔣月惠高票當選議員　今現身屏東路邊拉琴謝票,總統府：考量政局穩定　陳菊決定留任秘書長
35,政治,九合一選舉落幕，國民黨在22縣市中囊括15縣市，藍天再現，不少黨內天王都已對2020年總統大選虎視眈眈，前立委孫大千在臉書發文，問國民黨的天王，先捫心自問，不要見獵心喜。 孫大千說，國民黨的諸位天王太陽們，當你們見獵心喜，躍躍欲試的凖備參選2020大位之前，請捫心自問幾個問題：第一，你們已經完成轉型升級，做好準備，來面對2.0版的選民了嗎？第二，你們有把握能夠說出台灣民眾心中的苦，還有提出解決的方案嗎？第三，你們是不是又要準備上演眾星拱月，黃袍加身的戲碼了呢？第四，在九合一選舉當中，你們究竟是補藥？還是瀉藥呢？第五，你們全台走透透的輔選，是替人加持？還是為己沾光呢？第六，你們真的認為自己還有吸引選票的能力嗎？（何哲欣／台北報導）想知道更多，一定要看……​【林右昌專訪】打破市長連任魔咒　要讓基隆蛻變再生2020總統大選將起跑　國安局編5800萬添購新警備車蔣月惠高票當選議員　今現身屏東路邊拉琴謝票看了這則新聞的人，也看了……【綠敗選檢討】商總籲調整兩岸政策　黨政人士：縣市選舉無關兩岸柯P才贏三千票！館長氣到喊：是我害柯P這麼難選 對不起沒跨過連勝文門檻　蔡正元再分析柯P「輸掉2020門票」,國民黨大勝瞄準2020　孫大千6問藍營天王潑冷水
36,政治,九合一選舉落幕，幾家歡樂幾家愁！基隆市長林右昌政績牌獲肯定，在此民進黨支持度大幅下滑氛圍下，得票數還能再創高峰，得到10萬2167票，得票率54.14%，多贏了對手謝立功1萬5638票，更打破民進黨在基隆市長只做一任的魔咒，實在非常不簡單，林右昌接受《蘋果》專訪時表示：「如何讓市民看到基隆的蛻變跟再生」，是未來4年最重要且不敢鬆懈的工作。至於這次民進黨敗選，他認為與推動的政策不被民眾接受有很大的關係，而蔡英文為敗選辭去黨主席，他則予以尊重。記者：連任後對自己期許？林右昌：在整體民進黨幾乎全國慘敗的狀況，基隆市民願意用突破歷史新高的得票數、得票率來肯定我，過去4年政績讓市民有感，當然是最重要的因素，未來的計畫、都市再生、還有都市發展的擘畫，包括預算、計畫其實都已經到位，未來4年就是加緊努力，把這些成果執行推動出來，讓基隆市民可以看到基隆的蛻變跟再生，我想是未來4年最重要的工作。 記者：首要處理的是何建設？林右昌：舉凡火車站的周邊，忠一路已經貫通到中山一、二路，二工區跟三工區也已經完工，接下來要進行中山一、二路的拓寬工程，以及現在正在進行招標作業的城際轉運站的動工，預計要在兩年到兩年半左右完工，接著進一步推動現在車站圓環、國門廣場的計畫，這個預計在1年半左右的時間可以完成，另外軍港遷移現在正在進行，我也非常期待接下來4年，軍港遷移的工作能夠依照期程順利的完成，能夠加速整個市港的再生。另外一個很重要的是北五堵研發新鎮，這個中央已經給了4200萬的規劃費，希望未來4年可以完成都市計畫的變更、規劃，以及未來招商，帶動基隆的發展。當然還有教育、文化等都會按照時間來推動。 記者：民進議員席次滑落三分之一，府、會關係緊繃，會不會擔心遭在議會遭強力杯葛？林右昌：議員投票結果的確讓人感到很意外，跟原本預估的狀況、席次有很大的落差，各縣市的狀況都一樣，這應該要回歸到了人民對政黨的支持度，其實在這幾年間，民進黨的政黨支持度大幅滑落，這是一個重要原因。至於府、會關係是否會因民進黨議員席次減少，而產生抵制或杯葛窘狀？我認為，這4年間，市府跟議會互動算是非常良好，其實4年來預算被刪除的經費，說實在非常少，未來會加強跟議會溝通，有信心能用市政的規劃，來爭取不分藍綠、不分黨派的議員支持，像過去一樣，府會和諧、團結，讓基隆加速進步，是市民的共識，也是府會的共識。 記者：此次，同黨幾名資深優秀議員都中箭落馬，外界有些牢騷聲音傳出，批評市長都只是在扶植新人？林右昌：這並不是事實，我們對於每一位市議員候選人，只要經過黨提名，都是全力來給予支持，不管是人力、物力方面，其實都是公平的，我也不會針對新的候選人，給予更多、特別的對待，「我連一通拜託支持的電話也沒有打過」。反而是資深的候選人，會有比較多在選舉上的協助，不過說實在這樣的選舉結果，非常遺憾也很可惜，因為資深議員的表現，其實都非常好，這次得票令他感到很意外，這個跟過去努力的成果不成正比，非常惋惜，我也希望這些市議員們，在市政工作上，能繼續耕耘努力，一定可以再次得到市民的認同。 記者：這次綠贏大輸原因出在哪裡？對總統蔡英文辭掉黨主席，有何看法？林右昌：依照黨中央的估算，以及實際開票的結果，其實有滿大的落差，各個地方因素不一，我不予評論，因為要因地制宜，不過在全國的部分，我們發現說在政黨的支持度降低的話，的確顯示民眾對過去民進黨推動的政策，大家可能不是那麼支持，反映在選票和政黨的支持度上面，這可能是其中一個重要的原因。至於，蔡總統辭掉黨主席一事，敗選後黨主席辭職是過去歷年來的一個慣例，我尊重主席的決定。 記者：4年很快就到了，心目中有無適當的接班人選？林右昌：這未免想太多，也想太遠了，現在最重要的工作就是把基隆市的市政做好，得到基隆市民的支持，未來的事情其實我不會去做思考，未來誰會去爭取基隆市長的位置，替基隆市民來努力，還是交給未來的人去傷腦筋，也留給未來的市民去選擇吧。看了這則新聞的人，也看了……【選舉無效之爭】館長轟丁守中貪！柯粉丁粉掀罵戰基進黨高市議會全軍覆　黨主席：發動支持者共商未來少2302票連任失敗　嘉市長涂醒哲直播自省「少了與民眾互動」,​【林右昌專訪】打破市長連任魔咒　要讓基隆蛻變再生
37,政治,第15任總統、副總統選舉將在2020年5月20日前完成，根據國安局預估，第15任總統大選除了國民黨與民進黨2組人馬外，還特別增加一組參選人馬作預備使用，共編列8千718萬元預算，而光是購買第15任總統、副總統的警備車輛，就編列5千8百多萬元，要購買39輛警備車輛，供3組總統、副總統候選人使用。 國安局2019年預算書日前送到立法院，預算書中並登載第15屆總統、副總統大選安全維護警備車輛39輛購買經費5千8百83萬。另外在安全維護所需通（資）訊裝備及警衛據點庶務設備，購買經費2千8百35萬元。在警備車輛方面，將購買5人座警備車18輛，達2千3百40萬元；7人座休旅備車6輛1千8百萬；9人座廂式警備車6輛，1千3百20萬元；150cc機車6輛，33萬元；汰換逾齡3.5噸載重警備（貨）車3輛，390萬元。 安全維護工作所需通訊設備經費，則需要1千350萬多元，包括六聯式充電器（18套）及單式充電器（57套）為43萬8千元；無線電車裝（機動）台（42套）及無線電固定台（12套）共498萬元；行動電話機51套共51萬元；行動SNG（30套）及行動電源（30顆）共64萬5千元；無線電手機（含附件）165套共693萬元。 而在第15任總統、副總統大選安全維護工作所需資訊設備共270萬元，其中包括筆記型電腦18部及A3彩色雷射印表機6部共82萬6千元；數位相機12部共12萬元；紅外線網路攝影機48部共58萬5千元；機架式監控伺服器主機6套及網路集線器6部共116萬9千元。而在大選安全維設工作所需雜項設備經費共1千214萬7千元，其中包括基本編組警衛據點安維人員生活文康等雜項設備348萬6千元，包括有投影機、液晶電視、碎紙機、電熱水器、冰箱、冷氣機、洗衣機、除濕機等。另外在基本編組安全防護、醫護急救一般偵檢工作所需雜項設備共866萬1千元，其中包括防彈公事包18個，共36萬元；安維人員防彈背心165件，共163萬4千元；個人輻射警報器12個，共54萬元；防彈玻璃2套共340萬元；洞隙照明器6具共9萬3千元；防彈講桌5座共225萬元；槍櫃12座共38萬4千元。另外，國安局還要更換特勤中心勤務手機250把及零降件，共550萬元。（王烱華／台北報導）  ,2020總統大選將起跑　國安局編5800萬添購新警備車
38,政治,孤鳥不再孤單！屏東縣議員蔣月惠此次尋求連任，開票後一路在屏東市第一選區領先，以10806票拿下該選區第一高票當選，蔣月惠得知票數後立刻在臉書公告，自己會將選議員保證金加上選舉補助款共44萬4千元，以及街頭拜票收入全數捐給羅騰園助弱勢。今早她也在出現在屏東路邊拉小提琴謝票，並開直播，蔣月惠人氣火紅，直播人數突破6萬人次，網友紛紛湧進留言幫她加油打氣。59歲的蔣月惠，小姑獨處，30多年默默守護著身心障礙弱勢族群，常見他隻身在屏東市各路口擺攤賣衛生紙等募款，為了募款，學會計的她，腦筋也動到每票30元的選舉補助費，但經4次參選，才於2014年首次當選縣議員。當選後的她，除了捐出一票30元的選舉補助款，還將每月約6萬元薪資捐給羅騰園，今年7月因為公勇路咬女警事件被四處撻伐時，但也引出其他人也在網路上道出她多年為弱勢默默奉獻的努力，讓她聞名全國。（即時新聞中心／綜合報導） ,蔣月惠高票當選議員　今現身屏東路邊拉琴謝票
39,政治,九合一選舉落幕，民進黨慘敗，中國國台辦喊出「堅持九二共識、與台灣分享和平紅利」，而國民黨主席吳敦義、高雄市長當選人韓國瑜、台中市長當選人盧秀燕也都紛紛表示，「九二共識拼經濟」，全國商總理事長賴正鎰也公開呼籲蔡政府調整兩岸政策。陸委會副主委邱垂正對此表示，「九二共識」並非多數民眾支持，政府兩岸政策有一貫立場。黨政人士也說，縣市首長選舉是選擇地方治理，而非中國事務代理。 陸委會副主委邱垂正受訪表示，本次選舉為地方選舉，有關兩岸事務，依照目前國家法律規定，屬於中央政府權責。至於九二共識議題，在台灣從2004年起，已經爭論多年，也並非多數民眾支持的政策立場。 邱垂正說，目前政府政策立場是尊重1992年，兩岸兩會達成若干共同認知與諒解的事實，態度沒有改變。選後有部分當選人提及九二共識議題，但地方選舉仍以地方事務為主，中央政府兩岸政策有其一貫、一致性立場。 據了解，蔡政府未將本次選舉挫敗與兩岸因素掛鉤，且「九二共識」在過去選舉已經被民眾投下不信任票，本次選舉國民黨也未以此作為選戰主軸。黨政人士也強調，「縣市首長是選擇地方治理，而非選擇中國事務代理」。台灣智庫執行委員賴怡忠認為，在此次選舉過程是因為公投議題上的「反同集結」；另外蔡政府的年金改革遭到軍公教的反擊；勞基法被年輕世代及資本家的夾擊所形成的一個後果，因此兩岸關係從來不是重點。 文化大學教授龐建國指出，台灣的景長低迷與兩岸關係是連帶的，因為兩岸關係不好，台灣的經濟就變成「悶經濟」，包括陸客不來，台灣農產品無法賣到大陸，韓國瑜講的「東西賣的出去、人進的來」，讓民眾非常有感。因此蔡英文如果不改弦更張，改好兩岸關係，執政的績效就好不了，但蔡英文是否要改善兩岸關係，這就要看是否真的覺悟，而要改善兩岸關係，民進黨就必須接受「九二共識」，否則一切改不了。（符芳碩、王炯華／台北報導） ,【綠敗選檢討】商總籲調整兩岸政策　黨政人士：縣市選舉無關兩岸
40,政治,,柯P才贏三千票！館長氣到喊：是我害柯P這麼難選 對不起
41,政治,大選剛結束，前立委蔡正元今天凌晨在《臉書》分析2020年總統大選，他指出，從這次台北市長柯文哲得票率分析，因「沒跨過連勝文門檻，輸掉2020門票」，認為「民進黨不論誰選，不會比17％低、甚至不會低於30％。蔡正元昨在《臉書》表示，這次台北市長選舉，3人競爭激烈，但「得票數沒有人跨越連勝文門檻」，直指柯文哲「失去光芒」，選票少於連勝文，若沒有館長最後加持，不會有險勝的機會，「柯文哲已輸掉，總統選舉的門票」因不少人留言反駁他，蔡正元今天凌晨再發文指出，從這次選票流向，柯文哲台北市選票「15％是民進黨選票、20％是中間選票、6％是國民黨選票」，他認為，「跨過連勝文門檻是很重要的指標」，因為「2020大選民進黨不論誰選，不會比17%低、甚至不會低於30%」。再者，蔡正元說，柯粉比例最高的台北市，柯文哲都壓不住民進黨，「單憑柯粉有限的熱情，不足以在2020推倒藍綠高牆」，2020年不可能重現洪仲丘、太陽花及食安風暴等重大事件，「有的話，得利的也不是柯文哲」。（即時新聞中心／綜合報導）,沒跨過連勝文門檻　蔡正元再分析柯P「輸掉2020門票」
42,政治,九合一選舉落幕，國民黨拿下全台15個縣市，大勝民進黨，黨內士氣大振，對於2020重返執政也充滿信心，輔選有功的黨內「三顆太陽」未來角力備受外界關注。拿下15縣市的黨主席吳敦義將穩坐黨魁寶座，2020的入門票已然到手，吳敦義開票結束當晚在黨中央舉行記者會後，現場支持者也不斷鼓譟力拱選總統，吳則低調表示，「現在還沒動這個腦筋」；前總統馬英九卸任後，人氣止跌回升，再選2020勸進聲不斷；新北市長朱立倫賣力拉抬子弟兵，強調「不排除任何選項」。黨內人士則直言，要挑戰2020總統大選，拿下民意支持才是關鍵，否則就會失去參賽權。不過，國民黨高雄市長當選人韓國瑜所創造的「韓流」，恐為黨內權力布局產生微妙變化。韓陣營人士指出，韓國瑜成功拿下高雄市，未來在黨內說話的份量將提高，對未來改革也將有一定程度影響力；雖然黨內大老輔選有功，但應該放手給年輕世代去做，「畢竟江山代有才人出」。至於韓國瑜是否可能挑戰2020？韓營人士說，韓國瑜對市民有承諾，他不會違背對市民的承諾。藍委柯志恩則認為，選總統要顧慮中間選民以及是否能得到最大共識，一定要透過全民調選出有機會勝選的人，至於馬英九下一步，黨主席還有可能，但她不覺得馬會做出再次選總統。柯志恩也強調，黨內需要一套公平、透明且符合全黨同志認可的制度，透過制度選出來的人，黨內上下當然會全力支持。至於立法院前院長王金平，在本次選戰中多次赴中南部協調派系、賣力輔選，不具名藍委坦言，王金平沒有忘情政治，更沒有退出江湖的打算。由於不分區屆期已滿，至於能否繼續連任，該藍委坦言，「輔選有功，為了他再改一次黨章，沒什麼是不可能的。」那是否可能選總統？該藍委表示，不太可能，以現在的社會氛圍來看，要選總統的人帶給大家新想像和期待，否則選民不會接受，「連吳敦義（形象）都很危險」。黨內人士表示，韓國瑜現象已經告訴國民黨，推出的人選要經得起民意檢驗，總統人選更是如此，「絕對不是黨內小圈圈」，透過中常會或黨員選舉產生，因此全民調勢在必行，即使吳敦義保住黨主席位置，但勢必要在全民調中領先，否則就會失去參賽權。黨內人士指出，檯面上最有意願的就是吳敦義和朱立倫，吳一直都在為2020暖身，大家都知道，但可能遭遇的就是民意上輸給朱立倫，「再怎麼鋪陳也沒用」，朱立倫檯面上動作雖然不大，但私下全台跑行程，「沒有靜靜坐在那」。黨內人士直言，上次新竹縣初選提名出現爭議，從全民調改為徵召惹議，「真的別再上演宮廷戲碼」，免得再被外界詬病。該人士也說，九合一國民黨大勝並非國民黨贏，而是對民進黨不滿，所以國民黨沒有犯錯空間跟本錢。（黃韋銓／台北報導） ,九合一大勝　國民黨「三顆太陽」馬吳朱較勁爭大位
43,政治,今年全國性公投共有10案，在昨天凌晨3時12分全部開完，由下一代幸福聯盟發起的全國性公投第10案「婚姻限一男一女」、第11案「國中小不應教同志教育」及第12案「立專法保障同志權益」公投確定過關。至於由國民黨發起的「反空污」公投、「反深澳電廠」公投、「反核食進口」公投等3案確定通過。第16案「以核養綠」公投也闖關成功。另外，「修民法保障同志建立婚姻關係」、「國中小實施性平教育」及「東京奧運正名」公投等3案未過關。行政院發言人Kolas Yotaka（谷辣斯・尤達卡）表示，依《公投法》規定，行政機關將在3個月內提出保障同性婚姻的專法草案送交立法院審議；立法院需在下個會期休會前完成審議程序，但立法院是否會通過專法、立委自提版本，或是仍有委員提案修民法，這屬於立委職權，行政院予以尊重。這次10項公投案中。由國民黨發起的「反空污」公投，「你是否同意以『平均每年至少降低1%』之方式逐年降低火力發電廠發電量？」，同意票數795萬5753票，不同意票數210萬9157票，確定過關。由國民黨發起的「反深澳電廠」公投，「您是否同意確立『停止新建、擴建任何燃煤發電廠或發電機組（包括深澳電廠擴建）』之能源政策？」同意票759萬9267餘票，不同意票234萬6316票。由國民黨發起的「反核食」公投，「你是否同意政府維持禁止開放日本福島311核災相關地區，包括福島與周遭4縣市（茨城、櫪木、群馬、千葉）等地區農產品及食品進口？」同意票數779萬1856萬餘票、不同意223萬1425票。由下一代幸福聯盟發起的，「你是否同意民法婚姻規定應限定在一男一女的結合？」同意票數765萬8008票，不同意票數290萬7429票。 由下一代幸福聯盟發起的「國中小不應教同志教育」公投，「你是否同意在國民教育階段內（國中及國小），教育部及各級學校不應對學生實施性別平等教育法施行細則所定之同志教育？」同意票數708萬3379票，不同意341萬9624票，確定過關。下一代幸福聯盟發起的「立專法保障同志權益」公投，「你是否同意以民法婚姻規定以外之其他形式來保障同性別二人經營永久共同生活的權益？」同意票640萬1748票，不同意407萬2471票，確定過關。由總統府國策顧問、前奧運田徑國手紀政等人發起的「東京奧運正名」公投，「你是否同意，以『台灣』（Taiwan）為全名申請參加所有國際運動賽事及2020年東京奧運？」同意476萬3086票，不同意577萬4556票。婚姻平權小組發起的「修民法保障同志建立婚姻關係」公投，「您是否同意，以民法婚姻章保障同性別二人建立婚姻關係？」同意338萬2286票，不同意694萬9697票。婚姻平權小組發起的「國中小實施性平教育」，「您是否同意，以「性別平等教育法」明定在國民教育各階段內實施性別平等教育，且內容應涵蓋情感教育、性教育、同志教育等課程？」同意票350萬7665票，不同意680萬5171票。由擁核人士發起的「以核養綠」公投，「您是否同意：廢除電業法第95條第1項，即廢除『核能發電設備應於中華民國一百十四年以前，全部停止運轉』之條文？」同意票數589萬5560票，不同意401萬4215票，確定過關。（政治中心／台北報導）,你支持的公投案過關沒？　一張表帶你看懂得票數
44,政治,蘋果日報頭條投開票混亂18小時 丁怒控「奧步」中選會主委下台九合一選舉因合併10個公投案，投開票作業緩慢、亂象叢生，開票開到隔天凌晨2時，不僅創史上首例，邊投票邊開票的情況，也讓國民黨台北巿長候選人丁守中質疑，中選會與北巿選委會合謀操作棄保，讓他受害，向法院提出「選舉無效」訴訟。中選會主委陳英鈐24日開票當晚神隱，昨發聲明喊冤，稱10項公投要找大空間是不可能任務，也向行政院長賴清德請辭獲准。但立委怒斥，整個中選會都該下台！蘋果日報重點新聞包括:丁指控 催化深綠保柯這次選舉出現邊投票邊開票亂象，小輸3千多票的台北市長國民黨籍候選人丁守中陣營質疑，不少深綠選民因此改變投票意向「棄姚保柯」、轉投現任台北市長柯文哲；但柯文哲認為從選舉結果來看並無棄保現象，民進黨也指選舉過程中全力拼，從未操作棄保，不過有學者分析棄保不無可能。柯綠裂痕深 施政更辛苦台北市長柯文哲4年前首次選舉時，在民進黨禮讓的「白綠合作」下狂掃85萬選票，但本次選舉「白綠分手」，民進黨自提人選，昨凌晨北市開票結果出爐，柯僅以58萬選票險勝對手。柯文哲昨雖說「跟民進黨關係沒有改變」，但柯幕僚坦言選舉過程白綠裂痕深，若不能修補，柯第2任期施政會更辛苦。黨魁換人做 賴蘇被點名九合一大選民進黨慘敗，總統蔡英文辭去黨主席職務為敗選負責，接下來民進黨要面臨的，將是腥風血雨的黨主席之爭。黨內人士分析，敗選之後，黨主席最關鍵的任務就是能否支撐起黨機器運作，若由曾任黨主席的蘇貞昌老手回鍋，在此低迷時刻確有穩定作用，若由行政院長賴清德接任，則可向社會展現中生代接班的新氣象。市長夢破碎 邁敗選沉潛民進黨高雄市長候選人陳其邁以15萬票慘敗，民進黨原先被看好高雄市長選舉勝券在握，竟被空降的「賣菜郎」韓國瑜打得落花流水，也讓陳其邁沉潛20年市長夢碎。陳其邁昨選擇休息沉澱，未安排任何謝票等公開行程，對於陳其邁的下一步，陳的幕僚認為，民進黨這次選舉慘敗，黨內從中央到地方都待檢討分析敗選原因，談何去何從太遙遠！自由時報頭條公投綁大選亂糟糟 中選會主委陳英鈐下台九合一公投綁大選亂象不斷，民眾投票須排隊苦等，開票時間長達十二小時，創下台灣史上最長開票紀錄，台北市長選舉結果更遲至隔天凌晨三點才出爐。中選會主委陳英鈐昨天向行政院長賴清德請辭獲准。自由時報重點新聞包括:民進黨潰敗檢討 鄭文燦︰政策不該急就章九合一選舉民進黨慘敗，六都只剩桃園市與台南市，為民進黨守住桃園市執政灘頭堡的市長鄭文燦昨受訪表示，中央過去推動部分政策確實有些「急就章」，應該多傾聽地方意見。在檢討方面，鄭認為，能從失敗當中得到教訓，知道問題所在，這才能邁向成功，不能為失敗找藉口和理由，應該為下一場得到民心的成功找方法。柯險勝：沒被韓流滅頂就不錯了首都市長選舉開票纏鬥逾十個小時，結果終於在二十五日凌晨出爐，無黨籍現任市長柯文哲以三千多票險勝，柯隨即在凌晨舉行國際記者會。面對甫連任就有「選總統」的勸進聲，他再次說：「本來沒有的事，為什麼會一直傳？」至於對手國民黨丁守中揚言提選舉無效之訴，柯說「只能尊重」。「以核養綠」過關 政院︰非核家園不變「以核養綠」公投通過，引發朝野新角力！政院表示不會罔顧民意，已轉告經濟部與台電重新評估電力政策，不過，核一、核二、核三延役及核四商轉已來不及，政府二○二五年非核家園的目標不變。以核養綠公投領銜提案人黃士修指出，政院顯然沒有善意回應主流民意，將發動以核養綠公投二部曲，包括發動重啟核四公投綁二○二○總統大選，並推動核廢遷出蘭嶼公投。國民黨立委︰很多人盼黨內大老退位民進黨在九合一大選慘敗，國民黨立委提醒，大選是對民進黨政府的不信任投票，只能稱做民進黨大敗，「不能說是國民黨的勝利」，不能錯估情勢，國民黨改革還是必須進行，把討厭民進黨的選票轉化為支持國民黨。聯合報頭條辭意堅！陳菊打包擬回高雄 賴揆與蔡總統深談長考九合一選舉合併十案公投落幕，因為發生投票大排長龍，以及「邊投票、邊開票」狀況，中選會主委陳英鈐向行政院長賴清德請辭獲准。至於民進黨敗選後，總統府秘書長陳菊和賴清德第一時間請辭雖獲慰留，但據了解，賴清德及陳菊的辭意甚堅，賴清德昨天到官邸與蔡英文總統深談後，目前陷入長考，陳菊則開始打包，準備返回高雄。聯合報重點新聞包括:丁守中提出司法驗票 北市長選舉進入延長賽？經歷史上最長的開票，台北市長柯文哲以三二五四票險勝國民黨市長候選人丁守中；丁質疑開票作業與投票同時進行，讓北市可操作「白綠棄保」，影響選舉結果和公平，已聲請驗票並將提選舉無效之訴。台北市長選舉很有可能進入「延長賽」。「北市早設大陸小組」柯文哲拚下月辦雙城論壇國民黨籍韓國瑜當選高雄市長，強調對兩岸態度就是九二共識，上任後將成立兩岸工作小組，引發話題，對此，北市府發言人劉奕霆表示不評論；不過據了解，台北市長柯文哲選前暫停台北上海雙城論壇，如今選舉結束，市府將力拚下月柯第一任任期結束前舉辦雙城論壇。誰接黨魁 綠營看好鄭文燦、賴清德、蘇貞昌民進黨九合一選舉大敗，蔡英文總統辭去黨主席一職，新主席人選引發各派系角力。據了解，黨內目前有人希望行政院前院長蘇貞昌承擔；不過，因「中生代接班」聲浪四起，黨內也看好行政院長賴清德和桃園市長鄭文燦。李俊俋開砲 主張綠中生代接班九合一選舉民進黨慘敗，民進黨黨團幹事長、嘉義市長涂醒哲競總主委李俊俋說，開票那一夜大家都在問「為什麼會輸？」也不理解「怎麼輸成這樣？」不是輸到脫褲，是輸到連褲子都不見，民進黨是輸在自己的手上，不要怪別人。中國時報頭條2020藍綠布局 中生代支持度高！韓國瑜30.5％、賴清德19.5％九合一大選結果藍綠版圖全面洗牌，牽動藍綠2020年總統大選布局。根據《旺旺中時媒體集團》最新民調顯示，在綠營政治人物中，蔡英文總統支持度達到空前最低，與行政院長賴清德及桃園市長鄭文燦相差超過10％，中生代儼然提前卡位；藍營部分，國民黨主席吳敦義支持度掉到個位數1%，「韓流」依舊發威，韓國瑜儼然成了藍營新共主。中國時報重點新聞包括:陳英鈐即使下台 責任也跑不掉「1124九合一大選綁公投」締造我地方自治史上，最漫長、混亂的開票過程，中選會「前」主委陳英鈐對選務竟像生手般完全狀況外，昨雖請辭獲准，但對選前公投案重行公告，造成近千萬元的額外公帑支出，以及投票當日選務混亂所應負的行政責任，監察院不應輕縱，即使辭卸主委職務，亦應追究到底。韓全心拚經濟 高雄放眼國際韓國瑜勝選不見絲毫喜悅，直言千斤萬斤重擔一肩扛，而最大挑戰是如何兌現政見，他強調因有九二共識，未來會成立「兩岸工作小組」，希望跟所有人和平來往，高雄發大財；愛情產業鏈摩天輪也一定會做，更要揪王世堅來「跳愛河」代言，翻轉高雄全台首富。對於陳其邁公開向支持者喊話支持韓市長，讓韓發自內心稱「感謝可敬對手陳其邁」！雙方其爭也君子，樹立台灣民主政治典範。內閣局部改組 中生代接棒九合一選舉民進黨大敗，民進黨預計周三舉行中常會推選代理主席，立院黨團總召柯建銘可望再扛重任推動黨主席補選，黨內呼籲由中生代全面接班，桃園市長鄭文燦和爭取連任失利的台中市長林佳龍接任黨主席呼聲高，內閣也將局部改組，延攬卸任地方首長入閣。北市立委補選 連勝文大黑馬民進黨姚文智辭立委參選台北市長落敗，留下來的遺缺將補選，由於選區基本盤綠大於藍，民進黨有意競爭的包括北市議員何志偉、王世堅、梁文傑與前北市觀傳局長簡余晏。至於國民黨，外傳高層屬意由未競選連任的北市議長吳碧珠披戰袍出征，另外，這次輔選多名連家軍進入市議會的國民黨中央委員連勝文，也被視為黑馬人選。,十一月二十六日各報頭條搶先報
45,政治,公投結果前晚出爐，結果「以核養綠」等公投案都過關，但行政院發言人Kolas Yotaka昨天表示，雖然因此必須廢除《電業法》中「核能發電設備應於中華民國114年以前，全部停止運轉」的條文，但政府推動非核家園的立場不變。成吉思汗健身俱樂部創辦人「館長」陳之漢昨晚在粉專發文痛批，「政府不屌繼續非核家園，幹！所以昨天排隊排心酸的阿」。公投第16案以核養綠前天獲得近590萬票同意、約400萬票不同意，成功過關。館長表示，公投結果一面倒，結果政府仍然繼續非核家園，「沒關係2020你會知道，民主退步黨把民意當放屁」。網友們也紛紛留言「公投政府不認帳欸，那我們投爽的喔？」、「他們又不是沒做過對幹民意的事」、「排了3小時除了投候選人，終於可以投以核養綠，結果行政院說維持不變，哇勒淦林老師」、「傲慢的政府可以發動罷免了，下一步就是全面下架立委」。台大醫院前副院長王明鉅昨天也在臉書發文，表示沒有廢除電業法95-1時，行政院說2025停用核電，公投廢除了電業法95-1，行政院仍然是2025停用核電，「原來公民投票一切全是假的」。王明鉅抨擊，公投已經否決了政府的能源政策，但政府仍一意孤行，不顧民生、經濟、空污、碳排放、能源穩定與不能缺電的風險等問題，「他們根本不顧台灣，只想守護他們自己的政治神主牌。台灣的民主制度與民意，台灣人民已經作出選擇的未來，竟然完全抵不上一意孤行的政黨神主牌。而且還是個口口聲聲民主自由法治的政黨。這樣只顧自己不顧台灣民眾的政黨，當然不再能相信。」而據《ETtoday新聞雲》報導，清大工程與系統科學系教授葉宗洸也批評，以核養綠公投通過後，政府推動非核政策根本是忽視主流民意，甚至以核三廠無法延役、核四廠無法重啟等訊息歉騙大眾，他警告政府如果繼續再不記取教訓，忽視主流民意，終將被人民唾棄。（即時新聞中心／綜合報導）發稿時間：00:03更新時間：02:26看了這則新聞的人，也看了……正妹攝影師為柯P謝票　「在此脫掉露小丁丁」【選舉無效之爭】館長轟丁守中貪！柯粉丁粉掀罵戰,政府不甩以核養綠公投　館長怒「把民意當放屁」
46,政治,台北市長「柯P」柯文哲昨天在選戰中驚險勝過國民黨對手丁守中，成功連任北市長，支持柯P的網路紅人、攝影師星光奈奈昨天在Instagram分享照片「謝票」，沒有像平時戴口罩，而是以手遮鼻、微吐舌頭放著一個陽具造型的小物件，表示「謝謝大家站出來挺柯P，小女子在此脫掉，露小丁丁謝票。」「我看到柯文哲的施政影片，感動到想要掉眼淚」，星光奈奈不但多次現身柯P造勢活動，選前更屢屢在YouTube頻道分享影片為柯P催票，討論為何在柯P造勢場合想流淚、為何支持柯P、如何幫柯P在網路拉票等等。這次柯P成功連任，她以「小丁丁」來謝票，正是丁守中之前自稱「我是叮叮」、「大家都是叮叮」的叮叮諧音，讓網友笑噴「姊是老濕機」、「果然是小丁丁」。對於丁守中提出選舉無效之訴，星光奈奈在粉專回覆網路時寫道「丁丁從一開始選到最後都在怪人阿，說選舉無效，怎麼不是在他贏時提出呢XD」，有網友調侃表示「恭喜丁丁成為資深台北市民繼續蹲」，星光奈奈則回覆：「丁丁憤怒中xd，讓他再自行崩潰n次吧」。（即時新聞中心／綜合報導）為何我要支持柯文哲耍X招讓爺奶不得不投柯P如何幫柯P在網路上拉票看了這則新聞的人，也看了……政府不甩以核養綠公投　館長怒「把民意當放屁」【選舉無效之爭】館長轟丁守中貪！柯粉丁粉掀罵戰,正妹攝影師為柯P謝票　「在此脫掉露小丁丁」
47,政治,"今年高雄市議員選舉，基進黨在5個選區推出5位候選人，包括上屆參選小港前鎮區拿到1萬餘票的醫師陳信諭，原寄望能有3席進到議會組黨團，不料昨開票結果全軍覆沒，五人總得票數是4萬3169票，得票率2.65%，與推出三人的時代力量總得票數還少50票。其中最高的是拍攝檢視愛情摩天輪政策影片、被譽為「戰神」的三民區候選人陳柏維，拿到1萬2267票，是該區落選頭，僅差民進黨候選人鄭孟洳1,385票，算是雖敗猶榮。由於這次五位候選人，在黨部資源有限狀況下，為選舉投注許多心力與在地深耕，陳信諭甚至為白天跑選舉，選擇在醫院包大夜班值班「爆肝」工作，選前四個月才辭職專心投入選舉，也因此面對五席全落選事實，基進黨五位候選人，包括左楠區李欣翰、鳳山區李雨蓁及旗鼓鹽區洪正等人，昨晚間約9時，在黨部前由黨主席陳奕齊陪同對支持者發表演說時，氣氛相當沉重，演說過程每個人都哽咽落淚，坦言選得很累、氣力已耗盡。李欣翰哽咽落淚說，這場選舉已警示大家，若遇到中國威脅時，沒有站出來，可能日後就永遠沒有機會告訴大家「我們是台灣人」，呼籲所有台灣人站出來守護我們的民主。洪正則坦言，對選舉結果顯示本土派全面崩盤很難料想到，也覺得很驚駭，但戰士沒有選擇戰場的權利，就算未獲更多選票支持、前方道路不明，還是要繼續往前走。而陳柏惟則勉勵在場支持者要笑起來，畢竟團隊已打了一場美好的戰役，他雖被封為戰神，但他自認只是一個好的演員，要有好的團隊與導演才能演出，他說，基進黨要做最堅定的本土獨派，「台灣人加油，3Q。」李雨蓁則說，希望支持者日後不管在網路或現實世界，都要勇敢跟外界說自己是台灣人。而這次韓國瑜當選反映台灣人不夠堅定，不管未來如何，大家要更堅強，把台灣與高雄未來放在自己肩膀上。捲土重來的陳信諭坦言，對這次選舉結果不太能夠接受，但也希望大家不要對高雄失志，「台灣是我們成長的故鄉，當他被糟蹋時，大家都有責任站出來！」黨主席陳奕齊說，由於個人與幹部在這場選戰已耗盡心力，接下來會與幹部思考能否繼續走下去，也會將發動全省基進黨支持者大會，共同決定要如何走下去。（周昭平／高雄報導）",基進黨高市議會全軍覆　黨主席：發動支持者共商未來
48,政治,（更新：內容、動新聞） 競選連任失敗的嘉義市長涂醒哲，今天早上9點在進總部向天上聖母等眾神參香禮謝後，在夫人鄭玉娟、立委李俊俋和競選總幹事陳茂松及副總幹事黃嘉光等陪同下，登上宣傳車進行街頭謝票。而涂醒哲下午2點半在《蘋果跑跳碰》粉絲專頁直播鏡頭前，一談這次選戰的心路歷程。涂醒哲以2302票之差敗北，他在直播中不諱言，他對自己落選也十分意外，他指他視嘉義市為民主聖地，民主政治發展十分成熟，所以他打選戰方式是以政績掛帥，不打批評他人等負面選舉戰，但如此似乎少了與民眾的互動，也感民主政治發展似乎未非常成熟，或許是選舉失利原因，但他尊重民眾選擇。涂醒哲也大談他從台大公衛醫生轉入政壇、以及和李應元一起從政的經過。而網友則認為他失利情況和丁守中差不多，但沒要求重新驗票，兩人高度有差。涂醒哲說，有媒體問他，這次選舉是否乾淨、平和、理性和公平?他說嘉義這次抓很多賄選，顯示不是很乾淨的選舉，至於和平，目前沒有發生不理性的大事，算是和平；不過選市長和選立委跟選議長和里長，應該是不一樣。 市長不是「好央尬」，市長是選舉而來的，台灣在李登輝時代，總統可以直接民選，這對香港和中國來說，是不可思議的事，不過台灣的民主還不是很成熟，我過於理想，太過樂觀，以為市長就是要拼政績，而且選舉也不會去講某人抄地皮或買票等事。 這次體會到民主是要進步，進步到選民不受買票，不受人情的影響，而能真正選出自已決定的人選；所以我四年前選舉時就說，大家來做市長，我做CEO，我認為真正能夠鰿起責任，才是直接民意。 古人說，人生有三好，第一好是賣冰，第二好做醫生，第三好開貓仔經(色情行業)，這三好能賺錢。另外有三壞，第一壞是選舉運動，第二壞是種甘蔗給會社秤（日治時代會被偷斤減兩）；第三壞是拿棍子相冬（流氓打架）。 我做醫生不是最好也是第二好，為什麼變成最壞的選舉運動?人生是因緣際會，醫師有會幾種，一種是社會意識較強的醫師，我是屬於這種，有人說醫生，他指著額這這裡比較反，有人說是反省，有的反是較有社會意識，所以我去讀公共衛生，不是純粹看病賺錢，而是希望改變社會。 這樣的意識，在我大學時代就有了，所以美麗島事件，很多醫師都出來，我去美國拿到博士回國，那時候剛好風起雲湧，那時候很多運動，我們醫學院前院長李鎮源博士，出來籌組台灣醫界聯盟，故事主角就是李應元和郭倍宏(現任民視董事長)，在台大時李應元和我太太鄭玉娟是同班同學，去美國讀書時才知道，李應元在美國很有名，是學生報的編輯，而郭倍宏是台獨聯盟的主席，李應元是副主席，後來李應元跑回台灣被通緝，是要被警總抓起來關的。 有一天李應元就跑到我家，後來到處跑就被抓到看守所，那時台大公共衛生學院許多教授制作一大張卡，大家簽名去看他和郭倍宏，李鎮源院士說，我們傑出校只因主張台獨被要被判刑，這刑法一百條可能是死刑，為了言論自由可能被判死刑，這很嚴重，在這之前，鄭楠榕為了言論自由已經自焚了。 李鎮源院士主張要廢除刑法一百條，1991年我們在台大醫學院門靜坐抗議，後來刑法一百在多人的努下真的廢除了，後來成立醫界聯盟，希望在公共衛生，環保和文化方面故些貢獻。李鎮源院士對我們的教育不止在醫學上的貢獻，更是讓我們醫生在台灣民主推動中沒有缺席。 那時陳水扁要選台北市長，剛好也是「三咖嘟」，我們就去幫他聲援，就動員很多醫師穿上白袍和律師穿上律師袍，兩師一起走上街頭；後來陳水扁當選台北市長，要找一位衛生局長，大家推來推去，因為當醫師生活也很好，後來大家就說我要去，因為我是幫陳水扁寫白皮書，他們說你幫陳水扁寫白皮書又推薦他，「要售後服務」，我寫一封信給陳水扁婉拒；後來換了兩任環保局長，他們說，衛生局長還不換，又推來推去「變成我去」，就做衛生局長，後來去中央做到衛生署長，這樣走上從政之路。 後來成為不分區立委，2009年蔡英文主席要我選嘉義市長，我從未參選，婉拒三次，蔡主席說，不行，你是黨的立委，必需聴從黨中央的指令，所我就來選，那次也是和黃敏惠競選，贏了八千多票。 我認為做市長是要做事，而不是做選舉活動，最後半年再做；有人就跟我說，市長就是在做選舉活動，真正的施政是副市長以下在做，選完第二天就要準備開始做選舉活動，我不這麼認為。 我為人家選你當市長，你就要去做行政，要去帶動社會的方向，所以前三年半都認真做政績，最後半年才做一些選舉的宣傳活動，所以大部份時間都在做政策推動，包括要怎樣爭取經費，提出計劃，如何執行計劃，簡單講我也得罪一些人，一些人想要進市府，認為選舉幫我很多忙啊?但我已經不是在選舉，是在做政策，需要用一些會做事的人，不是拿職位當酬庸。 所以我說選舉團隊不一定是行政團隊，當然有些人就會認為，這樣子幫你忙就沒有什麼好處了；有的人就開始表示對我不滿，有些捐助一些錢的人，認為該回本了，就來跟我講「某某案，我來幫你橋」，我聴了嚇一跳，我做行政做那麼多年，我最得意的就是我不吃不貪完全公開公正公平，只要把事情做好重要，有人要幫橋說多少好處在裡面，這種人我避之為恐不及，後來這人想盡辦法在詆毀我，把我搞下來，找比較好配合的人，才有好處，因為這樣受到支持者的凸糟，從幾年前他們就不爽了啦。 尤其嘉義市以前是綠地唯一的藍天，被我選上，國民黨很不爽，要把幾個縣市鬥垮鬥臭，讓我們名聲很不好，民調都倒數，這樣才能「光復失土」。一開始我只會埋頭苦幹做事情，沒有防到這一招，很多人在講我的壞話。 簡單來說，做事許多不是一次可解決，例如淹水，不是清一次就好，好像血管堵住，你要對症下藥，也要時間，這段通了可是下段又阻塞，目前清了78條，大概十年不會有大淹水的問題，行政的過程大概都很慢，但可徹底根本解決，很多如果不做永遠沒有成果，有些你去做，也不是短期可以看到成果；馬上有成果的都是社會福利，馬上給營養午餐啦，放煙火，送蛋糕啦這種可以很快產生成果，不過也是一下就過了，第二第三就沒了。不過，還是要做打底的工作，基礎建設是很重要，也是要一項一項做，不過，這沒辦法跟抹黑，造謠製造假新聞抗衡。涂醒哲尊重選舉結果，感謝支持他的選民，也要向選民致歉，讓他們失望了，「很遺憾沒法在嘉義市繼續為市民服務，不過，我仍然心繫嘉義，心繫台灣，放眼世界。」，期望嘉義市繼續往前進步，成為智慧科抖的城市；其它檢討，再做進一步思考。 涂醒哲謝票，沿途民眾紛紛以手勢比讚，或比4，來表達對涂醒哲的肯定。聽到宣傳車的廣播出來歡迎涂的民眾，有幾位臉上帶著不捨的表情，用力揮手表達支持；有的人在騎車中、在開車中，都向站在宣傳車上的涂醒哲等人揮手。有些人還追著宣傳車，跑過來拍攝涂市長謝票的照片。 有些人大聲向涂醒哲說:「好可惜，加油！」涂總部麥克風手吳溪瀨則回說：「我們的努力不夠，辜負大家的期待，感謝大家的支持。」（徐彩媚／嘉義報導）發稿時間 1202更新時間 2307  ,少2302票連任失敗　嘉市長涂醒哲直播自省「少了與民眾互動」
49,政治,「韓流」發威使十月之後藍綠歸隊，綠營該大贏沒大贏，該小輸的卻大輸，東海大學政治系副教授邱師儀分析指出，台中市民進黨不但市長大輸超過20萬票，綠營從上屆27席只剩25席，還讓藍營推37席上32席，且幾乎當選者票數都是吊車尾，甚至連任多屆的資深市議員蔡雅玲、翁美春，立院副院長蔡其昌子弟兵王立任、林佳龍子弟兵張雅旻都中箭落馬，相較之下藍營連第一次選市議員的羅廷偉、陳文政、林孟令卻都得最高票當選，可說是「韓流發威，一個禿頭韓國瑜救了整個國民黨。」 邱師儀指出，這次選戰值得關注的是，台中市年輕人並沒有出來投票，這從台中市投票率從上屆前的71.93%，下滑到本屆67.46%可見，相較高雄市投票率大幅成長10%以上，顯見這次台中市長選戰依然沒有打動年輕人出來投票。 邱師儀也提醒，民進黨讓年輕人失望，造成國民黨選舉大勝，這結果不表示年輕人支持國民黨，是凸顯「討厭民進黨」，國民黨別急著高興自嗨。他甚至擔心國民黨大老如吳敦義、馬英九等人會以為選勝是自己的功勞，放棄讓韓國瑜、盧秀燕、侯友宜、江啟臣、蔣萬安、許淑華等有能力的中生代改革，國民黨將失去改革機會。 他建議盧秀燕應該要結合江啟臣、韓國瑜、許淑華與侯友宜等中生代的力量，帶頭領軍真正改革國民黨，才能贏得民眾的認同，持續這次選戰韓流威力，重振國民黨。 至於民進黨，邱師儀認為，完全執政才兩年半，經濟搞不起來，民金改革、轉型正義、追回國民黨黨產都過了頭，《勞基法》一例一休髮夾彎得罪資方也沒幫到勞方，民進黨這次大敗選，不但林佳龍可能提早結束政治路，民進黨未來的路也會很難走。（曾雪蒨／台中報導） ,「一個禿頭救了整黨」　學者：國民黨別自嗨
50,政治,（更新：新增動新聞）1年2個月前國民黨韓國瑜「空降」高雄，如今一舉奪下市長寶座，許多人都認為「韓流」發威，韓國瑜的女兒韓冰及兩位小編王律涵、許右萱功不可沒，三位年輕女孩，成功幫韓國瑜在網路行銷，選後不三人敢居功，直說謝謝高雄人熱情，韓冰將回加拿大完成大學學業，王律涵、許右萱則尚未決定是否隨韓到高雄拼市政。 韓冰與許右萱是舊識，加入韓團隊，王律涵則是今年年中，才從世新大學畢業，輾轉得知韓陣營缺小編被錄取，三個平均年齡僅23歲年輕女孩，自韓在今年五月獲國民黨提名高雄市長候選人，經營韓國瑜臉書、規劃網路直播與設計限量賣菜郎小物等，加上韓國瑜個人魅力，為韓打響網路知名與能見度。 韓國瑜昨確定勝選後，王律涵說，自己本對政治沒好感，但韓國瑜讓她看到不一樣的乾淨選戰，選舉過程中，小編群有時有慌張，但韓總一直是我們最佳鎮定靜，叫我們冷靜，沈著面對。 許右萱則指，選戰一路打下來，韓國瑜從一個大家不熟的路人甲，變成只要出現，就被爭相圍睹與拍照，很謝謝群眾熱情，這也是小編群們一路走來最大支持力量。 韓冰昨被《蘋果》問及「爸爸勝選的心情？」她說：「恭喜他，希望他莫忘初衷！」「我很替他開心，因為努力了那麼久，但是我們其實也滿沉重的，沒有特別開心，我覺得這就是一個兌現承諾的開始，希望他記得當初參選的初衷，永遠跟基層站在一起。」選舉結束，她也將回加拿大完成學業。 《蘋果》問許右萱與王律涵這兩位平常是在台北，打網路選戰小編，是否會跟隨韓總南下高雄打拼市政，兩人都說，「還沒想這個問題，現只想好好大睡一覺。」「之後再看看韓總怎麼規劃?」（吳慧芬／高雄報導）出版時間：19:32更新時間：22:34想知道更多，一定要看……韓國瑜小編嗆「噁心大人」　高市議員陳政聞落選,進高市府續吹「韓流」　 正妹小編：現在只想大睡一覺
51,政治,（更新：新增動新聞）高雄市議員陳政聞在選戰期間上電視政論節目，與韓國瑜陣營小編王律涵唇槍舌戰，遭王嗆「你們這些大人有多噁心」，陳政聞在這次市議員選舉敗下陣來，成為「落選頭」，也成了韓流的另一受害者。王律涵今晚表示，對陳政聞落選，她沒有什麼想法。當初上政論節目是第一次見到陳政聞，下了節目，兩人再也沒有交集，「我就是一直專心幫韓總打選戰，現打贏了，很開心」。節目中，陳政聞質疑有個被關閉長期抹黑陳其邁的粉絲團，幕後就是韓國瑜陣營，呼籲韓國瑜像個男人，「不要有像癟三行為，躲在美麗小編的後面」、「年輕人可以做錯事，不能做壞事，可愛的小妹妹」。王律涵回嗆「這不是我們PO的」、「我們到底抹黑什麼」、「是你們這些大人才奇怪吧！我們長大之後，才知道你們這些大人有多噁心」。 陳政聞此次選戰主打與陳其邁「師徒聯手」，兩人同框的看板掛滿大岡山選區，在陳其邁落敗後，沒想到陳政聞也被掃到，得票不理想落選。 陳政聞落選後，一度在臉書上貼出落選感言，表示「個人努力不夠、深切反省，同時感謝大岡山區市民過去八年的疼惜，請繼續為高雄加油！」，但該文不久後也被移除。 陳政聞的落選，讓不少支持民眾意外，有民眾在臉書社團「岡山人」開酸，指他「敗在噁心大人事件上」、「看過影片（指噁心的大人）的人應該都會討厭他」、「站在風頭上、和師父（指陳其邁）一起落難」，但也有人認為他是因為政見主張「阿扁無罪」而受到影響。（地方中心／高雄報導）出版:16:20更新:22:33【想知道更多，你一定要看......】【新學姐登場】「你們這些大人有多噁心！」 韓國瑜22歲小編嗆翻2名嘴 想知道更多，一定要看……進高市府續吹「韓流」　 正妹小編：現在只想大睡一覺,韓國瑜小編嗆「噁心大人」　高市議員陳政聞落選
52,政治,（更新：內容）「韓流」席捲高雄，除國民黨籍韓國瑜奪下市長寶座，議會議員席次也大風吹，66席當中，國民黨一舉拿下33席議員，民進黨則僅保住25席，高市議會藍綠版圖也跟著翻轉，國民黨贏得半數席次，據國民黨內部消息透露，除了親民黨1席，另外已掌握無黨籍3席支持，泛藍勢力則安穩過半，拿下正副議長應無問題。目前國民黨由前議長許崑源出馬角逐議長，陸淑美搭配爭取副議長，可能性極高。韓國瑜得票89萬2545票，民進黨陳其邁得票74萬2239票，韓國瑜不僅奪下下屆高雄市長，入主市府，他還發揮母雞帶小雞作用，在這次議員選舉，國民黨最後拿下33席、民進黨僅剩25席，另外無黨團結聯盟2席、無黨籍2席、時代力量2席、台聯1席、親民黨1席。總共66席議員中，國民黨剛好佔一半50％，民進黨衰退至38％，泛藍陣營有52％、泛綠陣營為42％。2014年高雄市市議員選舉結果，政黨席次分布分別為國民黨24席、民進黨33席、親民黨1席、台灣團結聯盟1席、無黨團結聯盟2席、無黨籍5席。全部66席議員席次中，國民黨籍議員佔36％、民進黨籍議員佔50％，若以泛藍泛綠陣營區分，泛藍陣營掌握38％、泛綠陣營52％，泛綠席次剛好過半。 兩相比較，可以看出高市議會藍綠版圖剛好對調，國民黨不但一舉贏得市長寶座，議會也取得過半席次。也因為議員選舉藍營佔上風，目前國民黨內由前議長許崑源出馬角逐議長，陸淑美搭配爭取副議長，可能性極高。 據國民黨內部消息透露，除了親民黨1席，泛藍另外已掌握無黨籍3席支持，拿下正副議長應無問題。 此次市議員選舉，民進黨共提名38人，原喊出「拚過半、顧台灣」口號，訴求議會改革有成，要延續議會主導權，不料受到韓流拉抬國民黨選情影響，各選區選情都被波及，多位老將中箭落馬、更有多達10位現任議員連任失利，除老將蘇炎城、周玲妏、陳信瑜、蔡昌達外，旗美區鍾盛有、岡山橋頭區陳政聞、仁武鳥松區林芳如、林園大寮區李雨庭及平地原住民區的俄鄧．殷艾等，也未能成功連任。外界關注前高雄市長陳菊子弟兵，這次選戰共提名６人，結果包括旗鼓鹽區簡煥宗、左楠區李柏毅、三民區何權峰、仁武鳥松等區邱俊憲及岡山橋頭區高閔琳等5人順利連任，僅新人小港前鎮區許乃文落敗，算是穩住選情。此外被視為趙天麟人馬的新人鳳山區林智鴻、左楠區李雅慧雙雙高票當選，在一片老將落馬聲中，選得相當漂亮。反觀初選期間站出來力挺陳其邁的候選人，包括陳政聞、蔡昌達、周玲妏、李雨庭等，在這場選戰中竟都連任失利。不願具名學者分析，多名民進黨老將落馬，顯示綠營在世代交替上應要更積極找新人，這次選舉黨內新人高票當選，加上時代力量提名的兩位年輕新人也當選，可見警訊。（地方中心／高雄報導）出版時間：0302更新時間：2213,【高雄議會】泛藍過半　許崑源回鍋議長呼聲高　
53,政治,（更新：新增動新聞）台南市長選戰落幕，其中以無黨籍政治素人之姿，突破藍綠政黨對決重圍，得票數甚至超越砸重金舉辦多場「Crazy Friday」電音派對且網路聲勢看好的林義豐，從6名候選人裡衝上第3名寶座，正是「跳級」參選的台南市龍崎區牛埔里長陳永和，他在選前一夜自拍清唱《閃亮的日子》傳Line給好友們，一字一句緩緩唱出「你我為了理想～歷經了艱苦～」，歌詞似乎也印證了他一路走來的心路歷程。 被網友譽為「最棒里長」的陳永和，是此次台南市長選舉讓各界跌破眼鏡的「大黑馬」，囊括票數為11萬7179票，得票率達12.12%，超越原本被多家民調預估應穩居第3名的「虧雞福來爹」林義豐，而林的得票數8萬4153票，得票率則為8.71%；另因台南市長今年選舉保證金退還門檻是15萬5千票，因此陳永和前往登記時「梭哈」女兒的200萬嫁妝，已確定拿不回來。 「參選目的就是要凸顯龍崎牛埔掩埋場的問題，而且，也要改變台灣選舉文化！」本業在仁德經營螺絲工廠的陳永和其實經濟條件還不錯，他因不滿家鄉龍崎牛埔被規劃設置廢棄物處理中心，花費7年時間捍衛環保，甚至從生意人的身分，走上參選里長和市長的政治路。 而陳永和從7月20日宣布參選台南市長以來，載著老婆、女兒走遍大台南37區，回憶起某天看到妻女累癱倒在車上秒睡的畫面，陳永和忍不住感慨掉淚說：「她們其實可以不用跟我這麼辛苦，但是為了這塊土地，我們願意付出」。 陳永和認為，如果牛埔沒有自己7年的堅持和努力，誰會知道這件事的嚴重性？「而台灣到底有多少這種事情，大家要趕快去在意和重視」；他也認為，往往一個參選人在選舉裡就花費幾千萬甚至上億，但是當一個市長薪水才多少錢？應該改變這種選舉文化。 陳永和指出，看到台灣土地一直被汙染破壞，看到選舉文化愈來愈惡質，「選舉文化不好，政治就不好，連帶讓環境變不好，而環境不好，我們的孩子還有未來嗎？」這是他這次選擇站出來參選的關鍵。 面對這次參選，陳永和認為自己已經盡力，對市民的選擇沒有意見，「但是，不要把已經看見不好的事情，當作沒看見、沒你的事，有一天，就是你家的事了！」 陳永和今天也持續在臉書PO文強調「我一定會永遠和人民站在一起」，強調「月世界」原就屬於人民的，不是政府或財團的，「希望從明天開始，政府能讓我和陳泰祥里長，帶領牛埔志工進去整理環境！預定明年元旦能開放給全台灣人進去欣賞這月世界的美！」 陳永和在投票當天強調，很多支持者勸進他選立委，但這次是他人生最後一次選舉，「不管如何，我是台南囝仔、我是台灣人，我永遠是台灣的志工！」獲得大批網友力挺；陳永和雖輸了市長選舉，卻贏得各界關注龍崎掩埋場議題和感動的掌聲。（李恩慈／台南報導）出版時間:1606更新時間:2211 ,南市長選舉大黑馬！「最棒里長」超越「虧雞福來爹」獲第三高票
54,政治,九合一選舉昨落幕，民進黨原執政的13縣市僅保住6席，行政院長賴清德昨向總統蔡英文口頭請辭，蔡強力慰留。據了解，賴清德辭意甚堅，知情官員今表示，蔡、賴今有見面持續溝通，但因為這是重大的事件，「今天沒有討論結果，明天會有較為明朗化的答案。｣近菊人士也透露，為敗選請辭的總統府秘書長陳菊，堅辭走人的機率很高，且已開始打包，打算回高雄。九合一選舉昨天下午４時投票結束後，兼任黨主席的蔡英文、總統府秘書長陳菊、賴清德先後抵達民進黨中央，之後隨著各縣市開票陸續出爐，大家臉色越來越凝重，後來蔡英文率先開口表示請辭黨主席，陳菊、賴清德也先後口頭請辭，但是陳賴兩人均已獲慰留。對於蔡英文是否成功慰留賴清德，知情官員今表示，蔡、賴從昨、今都有密集溝通。 此外，黨政人士指出，賴清德明天上午仍會有例行的政務會議，由政務委員報告近日重大的法案進展，而賴揆通常在政務會議結束後入府，並和總統共進午餐。不過另有親近陳菊人士指出，陳菊對高雄敗選深感自責，堅辭走人的機率很高，中午已開始打包。據親近陳菊人士指出，花媽對選舉結果，特別是高雄市民的最新民意展現，衝擊感受甚深，辭去總統府秘書長一職返回高雄守護港都意志強烈，接受慰留可能性不高。（陳雅芃／台北報導）出版時間：２２：００更新時間：２２：１０（增加親近陳菊人士說法）   想知道更多，一定要看……【茶壺風暴】李俊俋開砲要中生代接班 　蔡英文這樣回應【中選會爭議6】史上最亂投開票挨批　中選會主委陳英鈐辭職獲准韓國瑜承認九二共識　上任建立「兩岸工作小組」看了這則新聞的人，也看了……【選後首日】辭立委市長又敗選　陳其邁傳訊未讀、電話未接九合一激情過後　民進黨：重新定位與柯文哲關係,【政壇風暴】蔡英文二度約見賴清德親慰留　陳菊辭意堅已打包
55,政治,1980年7月16日成立的中央選舉委員會，主辦過首次的總統公民直選、公民投票等多項重大選務工作，歷經多次選舉的淬鍊，秉持著公平、公正、公開原則，才贏得全國選民的認同。但此次中選會舉辦的9合1選舉及公投，中選會主委陳英鈐放任選務機關「邊投票、邊開票」，甚至以「神隱」的方式，躲在「中央選情中心」的貴賓室，而不積極處理有爭議的選務工作，不僅讓人民質疑「作票」，也讓選務工作的公正性，一夕之間崩壞。陳英鈐擁有民進黨「學者從政」不食人間煙火的「特質與身段」。雖然是台大法律系畢業，德國海德堡大學法學博士，也曾在銘傳大學、中央大學任教，擔任過民進黨中央廉政委員。2017年獲行政院提名為中選會主委， 當時在立院行使人事同意案時，陳英鈐即遭國民黨團以「高達12次以學者身分被民進黨團邀請出席立法院相關會議」，直言「陳英鈐就是民進黨的魁儡」，讓中選會遭到政治色彩所污染。 《公民投票法》去年在民進黨主導下完成三讀修正後，公投連署與成案門檻大幅下降，因此才發生此次9合1選舉中，有10項公投案一併舉行，這確實會讓整個選務工作焦頭爛額，甚至有幾個縣市選委會反對中選會的作法，但陳英鈐僅以一次公聽會的建議，即以「學者要求」而繼續執行公投綁大選。 昨投票大排長龍，就在民怨沸騰的情況下，陳英鈐居然以神隱的方式，把中選會的高階主管全鎖在中央選情中心的貴賓室內，媒體從門外還不時聽到室內的談話聲與笑聲，完全不理媒體記者的詢問，甚至還有媒體用「主委!拜託您出來說明一下」的祈求口吻，也完全得不到任何回應，讓在場媒體都傻眼。 此次中選會處理公投綁大選，造成民眾已經對中選會的不信任，現在陳英玪一句「請辭負責」似乎只是要平熄今年的選舉爭議，但是明年即將舉行的總統大選，選民還會相信中選會嗎?有賴執政的民進黨政府做出最好的選擇。（王烱華／台北報導） ,選舉出包就神隱　陳英鈐已讓中選會蒙羞
56,政治,另類謝票！九合一選舉落幕，各候選人大都採取遊街方式謝票，但基隆一位落敗的議員候選人張哲源，今日前往外木山海邊淨灘，選擇用此淨灘方式，來表達對所有支持者的感謝，網友紛紛按讚，「對比一整天的鞭炮與宣傳車的謝票，這才是真正的愛基隆」。基隆市無黨籍張哲源（35歲），今年參加中山區市議員選舉敗北，他謝票的方式，與其他的候選人不太一樣，今日一早，與小時候玩伴3人，前往外木山海邊淨灘，約兩個小時清出了6大袋滿滿的垃圾，期間，有兩位台北來的遊客， 也主動加入，也撿了1小包垃圾。張哲源將此謝票方式PO在臉書上，「正向、乾淨的選舉方式，是我這次參與選舉想要表達的社會意義」，不少網友紛紛按讚鼓勵，辛苦了，加油喔，4年後再戰，4年後你會更強大，莫忘初衷，期待4年後的你，基隆真的需要環保專業人士，對比一整天的鞭炮與宣傳車的謝票，這才是真正的愛基隆。（突發中心蔡進男／基隆報導 ）看了這則新聞的人，也看了……學者侯漢君：北市非棄保發酵　是淺綠柯粉仍死忠支持九合一激情過後　民進黨：重新定位與柯文哲關係【中選會爭議6】史上最亂投開票挨批　中選會主委陳英鈐辭職獲准,落選另類謝票　淨灘行動感謝支持
57,政治,另類謝票！九合一選舉落幕，各候選人大都採取遊街方式謝票，但基隆一位落敗的議員候選人張哲源，今日前往外木山海邊淨灘，選擇用此淨灘方式，來表達對所有支持者的感謝，網友紛紛按讚，「對比一整天的鞭炮與宣傳車的謝票，這才是真正的愛基隆」。基隆市無黨籍張哲源（35歲），今年參加中山區市議員選舉敗北，他謝票的方式，與其他的候選人不太一樣，今日一早，與小時候玩伴3人，前往外木山海邊淨灘，約兩個小時清出了6大袋滿滿的垃圾，期間，有兩位台北來的遊客， 也主動加入，也撿了1小包垃圾。張哲源將此謝票方式PO在臉書上，「正向、乾淨的選舉方式，是我這次參與選舉想要表達的社會意義」，不少網友紛紛按讚鼓勵，辛苦了，加油喔，4年後再戰，4年後你會更強大，莫忘初衷，期待4年後的你，基隆真的需要環保專業人士，對比一整天的鞭炮與宣傳車的謝票，這才是真正的愛基隆。（突發中心蔡進男／基隆報導 ）看了這則新聞的人，也看了……學者侯漢君：北市非棄保發酵　是淺綠柯粉仍死忠支持九合一激情過後　民進黨：重新定位與柯文哲關係【中選會爭議6】史上最亂投開票挨批　中選會主委陳英鈐辭職獲准,落選另類謝票　淨灘行動感謝支持
58,政治,2018年九合一大選落幕，尋求連任的台北市長柯文哲獲58萬820票擊敗國民黨候選人丁守中的57萬7566票、民進黨候選人姚文智的24萬4641票。外界認為柯出線關鍵在於「棄保效應」發酵，對此，台北大學公行系教授侯漢君表示，民進黨在台北市的基本盤約在3成5，但姚文智卻沒有拿到基本盤的票，「棄保成分較少，最重要的原因，恐是有些淺綠的柯粉，上次投給柯，這次民進黨沒有辦法叫他們歸隊。｣ 侯漢君進一步表示，民進黨可能要好好檢討，「這群淺綠的年輕人未歸隊的原因｣，是否民進黨的主張已經和他們脫節。 對於台北市長選舉是否出現棄保，民進黨發言人林琮盛說，沒有評論。國民黨發言人洪孟楷說，中選會辦理選務整個荒腔走板，並且徹底的失能，造成選務不公，也因此丁守中已提起選舉無效之訴，「在一個不公平、不正義的選舉過程中，就很難用此結果推敲原因。｣（陳雅芃／台北報導）,學者侯漢君：北市非棄保發酵　是淺綠柯粉仍死忠支持
59,政治,台北市長柯文哲在與民進黨分手之後，僅以3千票之差，險勝國民黨籍候選人丁守中。對此，民進黨立委吳思瑤認為，台北市經過幾次選舉下來，明顯可看出板塊結構挪移成藍、綠和中間選民的三大塊，民進黨未來要佈局2020總統和立委選舉，在固守綠營選票之外，勢必要往外延伸，比起跟藍的合作，跟白合作的確更有討論空間。吳思瑤認為，選舉結束後，無論是民進黨或柯文哲都應先檢討內部，而這個內部檢討的敗選原因、路線調整，都會牽動到未來民進黨是否要擴大與外部力量合作，是否要重新定位和思考跟柯文哲的關係。而民進黨比起跟藍合作，當然跟白合作是比較有機會的。不過，吳思瑤也提醒，民進黨接下來是要佈局2020選戰，對於如何在固守綠營基本盤以外的中間選民，比起柯文哲更加急迫，但柯不應該跳入這種「選舉合作」的思維，在第二任市長任內，應是把市政做好，用「市政合作」的思維，思考如何跟市議會合作，才符合人民期待。（余祥／台北報導）想知道更多，一定要看……僅贏丁守中3254票　柯Ｐ：沒被韓流滅頂已很厲害！柯Ｐ勝出靠這3區　幕僚：看完天玉里結果一度心涼【茶壺風暴】李俊俋開砲要中生代接班 　蔡英文這樣回應看了這則新聞的人，也看了……【翻盤特稿】蕭淑麗關鍵少數扯下涂醒哲　漁翁黃敏惠奪嘉義市長【選後首日】辭立委市長又敗選　陳其邁傳訊未讀、電話未接【民進黨黨魁】中生代陳其邁、林佳龍被點名　蘇貞昌、賴清德呼聲高,九合一激情過後　民進黨：重新定位與柯文哲關係
60,政治,九合一選舉暨公民投票昨天落幕，不過，許多投開票所超過投票時間還在排隊，形成「邊開票邊投票」亂象；國民黨立院黨團要求中選會主委陳英鈐下台，據了解，陳英鈐已向行政院長賴清德請辭，行政院發言人kolas yotaka（谷辣斯・由達卡）表示，賴清德院長已經准辭。。九合一大選選舉爭議多，動線亂、排隊長、領票亂，甚至還發生首次跨頁開票情況，外界批評中選會怠惰，要求主委陳英鈐下台；對此，行政院發言人Kolas Yotaka（谷辣斯・由達卡）直言，相關選務作業都還在持續進行中，行政院希望中選會能從本次「非常挫敗經驗」，學習到嚴肅教訓。 面對外界要求陳英鈐下台，Kolas稍早表示，目前沒有接獲陳英鈐任何（請辭）的訊息，而中選會主委、委員都是任期制，且是獨立機關，人事案需要立法院同意。不過，隨後傳出陳英鈐已請辭獲准，Kolas才證實。 Kolas表示，本次選務推動，公投進行型式，都是中選會委員共同決定出來的方法，希望這次非常挫敗的經驗，委員也要看見，作為嚴肅改進的參考。行政院希望中選會審慎檢討改進，從本次引起民怨的錯誤中學習。 Kolas也強調，本次選舉，公投案是史無前例的多，投票人數也是最高、選務最繁雜的一次，選務人員非常辛苦，但仍須從這次錯誤中學到教訓。（符芳碩／台北報導）出版時間：13:46更新時間：21:00 想知道更多，一定要看……【中選會爭議1】投票人龍無法消化　打臉「80秒投完票」【中選會爭議2】選前稱募足人力　現場選務人員仍不夠【中選會爭議3】公投案宣導不足　民眾拿到票才在研究 【中選會爭議4】公投大塞車　臨時架陽春圈票處【中選會爭議5】選前買廣告公告政院意見書　合法性存疑看了這則新聞的人，也看了……【反核食公投】日本駐台代表：應避免此問題　成為政爭工具「我不是輔選天王！」　連勝文：未成立連家軍【中選會爭議5】選前買廣告公告政院意見書　合法性存疑,【中選會爭議6】史上最亂投開票挨批　中選會主委陳英鈐辭職獲准
61,政治,彰化縣23歲的王采琳剛從大學畢業，外型甜美又活潑，才150公分、40公斤的身材像「可愛小隻馬」。她今年參選鹿港鎮頭崙里候選人，面對其他3位候選人毫無恐懼，雖然以470票屈居第3，但也獲得26.18%的得票率，初出茅廬就有此成績，王采琳很感謝大家的關心和鼓勵。 王采琳說，這些日子得到的，遠遠勝過失去的，尤其是有這些鄉親的肯定，讓她更有信心朝自己的理想走下去，也就是照顧鄉里，她認為，沒有里長這個身分，還是可以幫忙照顧鄉親父老、弱勢，而她這次選舉所獲得的人脈，也將是她未來的資源，因為還有4年時間準備，所以她不會放棄當里長這個理想 僑光科技大學流通與行銷管理系畢業的她之所以參選里長，是因為每年過年、端午節回家，都會與爸媽跟著聖濟壇發年菜、包肉粽給獨居老人時，當下心中就有很多想法浮現，很迫切的希望為社區的老人家做些什麼。她發現，參選里長、在基層服務是最實際的，萌生參選里長的念頭，並付諸行動。 被封此次大選為最美候選人之一，王采琳大笑說「我沒有那麼漂亮啦！會做事比較重要！」因為太小隻、外形太像小朋友，跟「里長」這個職務太違和，所以她認為，外形反而成為她的劣勢，但一路走來，她用理念來說服選民，包括長照2.0、社區共餐、老幼福利、社區活動，並推出Ｅ世代「法律諮詢」、「醫療服務」等，獲得不少支持。 王采琳說，鄉下地方大家對選舉的觀念還是比較傳統，所以才剛滿23歲、又是回鄉的小孩，確實要花點時間讓鄉親接受，歷經選戰的激情與忙碌，現在心情還在沉澱中。（鄧惠珍／彰化報導）【想知道更多，你一定要看......】全台最美里長候選人！網友暴動想投她們十大美女議員靠邊　正妹參選里長在彰化,23歲可愛小隻馬選里長　470票落敗
62,政治,為促進友邦邦誼，國防部派遣國軍示範樂隊副隊長陳皓霖少校與黃英師士官長，前往我邦交國吉里巴斯執行「軍樂外交」任務，協助整合訓練該國警察樂隊，以執行獨立紀念日慶典司樂工作及聯合操演。這也是除了海軍軍樂隊每年參與敦睦支隊執行邦誼任務之外，另一個透過音符形式，貢獻外交事務的我國軍樂隊。 據指出，由於海軍敦睦艦隊去年訪問吉里巴斯共和國，該國見證我海軍軍樂隊與儀隊官兵訓練有素的壯盛軍容後，今年便向我國大使館提出申請，希望派遣國軍的樂儀隊前往協助訓練，使其警察部隊在該國「獨立39周年紀念日」大典上，有更為隆重精彩的演出。 國防部在接獲外交部所提出的需求後，經國防部評估後，即指派陳皓霖與黃英師以及二位儀隊官兵，在經過在近1個月的整備後，今年5月1日赴吉里巴斯，為該國執行為期約2個月的軍樂訓練，以週一至週五每週5日，每日上下午各3小時的頻次，協助該國警察樂儀隊進行訓練；軍樂部分包含樂器吹奏，基礎樂理，行進隊形變換，樂團合奏及指揮等課程，也針對該國常演奏的「雷神」進行曲、索羅門、斐濟，以及我國國歌等曲目進行修正指導。 國防部表示，在今年7月12日是吉里巴斯的獨立紀念日，其警察樂儀隊首次的聯合表演操在慶祝大典上已圓滿順利地呈現，擔任領隊的陳皓霖說，能夠代表國家及國防部示範樂隊執行此次外交重任，他感到十分榮幸。據透露，吉里巴斯在此之前，獨立紀念日典禮上仍未曾有過完整的樂儀隊聯合表演操，僅以吹奏進行曲及警察部隊等隊伍入場行進等方式慶祝大典。（王烱華／台北報導）   ,軍樂外交有成　國軍完成友邦吉里巴斯軍樂訓練
63,政治,國民黨在此次縣市長選舉中，一舉拿下15個縣市執政權，其中還包括綠營執政20年的高雄市，國民黨內士氣大增，認為有望拿回2020執政權。東華大學民族事務與發展學系教授施正鋒則表示，如果國民黨不改變，執政無法贏回民心，最多僅能算是迴光返照。 施正鋒指出，這次高雄市長選舉所引發的「韓流效應」僅是國民黨大勝的觸媒而已，真正的原因是民進黨的改革，如一例一休、軍公教年金改革等，都惹得天怒人怨，只有民進黨自己不知道而已。另外，深綠的支持者對民進黨對於轉型正義、東奧正名的模稜兩可也不高興，最終不願出來投票。 至於國民黨是否會因此而重返執政之路，施正鋒說，國民黨內，現有「4加1」個太陽，包括黨主席吳敦義、立法院前院長王金平、桃園市長朱立倫、前總統馬英九以及高雄市長當選人韓國瑜，未來會如何洗牌？由誰出來競選下一屆總統？都是國民黨要積極面對的問題，施正鋒比喻，「加盟店與直營店仍需好好作整合，而不是只是利用人家去跑業務」；他也強調，國民黨不要忘記是誰，如果未來不知謙，會遭選民反感。 台北大學公共行政暨政策學系副教授侯漢君認為，這次選舉捲起的「韓流效應」，未來端看是否能夠延續，而國民黨所贏的執政縣市，能兌現他們的選舉支票及選舉的諾言，施政結果也是選民下次投票時的判斷標準。侯漢君也指出，另外一方面也要看民進黨在此次敗選後的修正路線，是否能贏得民眾的支持，因此未來要看國民黨與民進黨各自的表現。 侯漢君進一步表示，上一次縣市長選舉，國民黨大輸，而民進黨大贏，就有人比喻是「海嘯」；此次國民黨因為韓國瑜而大贏，也有人說是海嘯，但海嘯的特性就是來的快，去的也快，現在就看兩黨能不能把這個力量持續下去。（王烱華／台北報導）   ,學者施正鋒：國民黨若不改變　勝選僅是迴光返照
64,政治,民進黨九合一選舉大敗，僅剩6執政縣市，身兼黨主席的總統蔡英文為敗選請辭，黨內也湧起檢討聲浪。民進黨立委李俊俋率先開砲，在臉書發文主張「中生代提早全面接班！」總統蔡英文則5小時後，於貼文底下留言表示，「我們繼續檢討，我要負最大責任，我們一起讓中生代承擔更大責任，中生代加油、我們一起加油！」 李俊俋受訪時指出，民進黨此次輸成這樣真的要徹底檢討，率先就要從黨開始，現在總統蔡英文辭去黨主席職務，黨主席應由中生代接手，像是鄭文燦、林佳龍、陳其邁等中生代，他們都準備好了，至於黨內其他職務如秘書長等，也應該有全新的思考。中生代的好處是沒有過去派系的包袱，且可扮演好民進黨內兩端世代之間良好的銜接角色，在面對瞬息萬變的局勢，中生代也更有能力因應。此外，李俊俋也直言，行政、立法之間的互動模式需要調整，過去多半都是行政院確定政策、立法院幫忙擦屁股和護航的狀態，但任何政策在形成之前理應需要有立委的意見，畢竟立委是民意代表、第一線接觸民意，而不是政務官、學者關起門來自己做，這樣沒有辦法銜接民意。（余祥、政治中心／台北報導）出版時間：14:08更新時間：20:31(新增蔡英文回應+動新聞) 想知道更多，一定要看……余天周三辭黨部主委　直批民進黨敗因投票日問題多　立委：整個中選會都下台看了這則新聞的人，也看了……【最新】丁守中提選舉無效之訴　明早到法院繳428萬保證金,【茶壺風暴】李俊俋開砲要中生代接班 　蔡英文這樣回應
65,政治,（更新：新增動新聞）國民黨籍韓國瑜昨贏得高雄市長選舉，為國民黨在高雄市收復失去20年政權，昨晚除支持者簇擁在國民黨高市黨部外，韓國瑜的妻子李佳芬、女兒韓冰，與兒子韓天都在黨部內陪他，今凌晨才一起趨車離開黨部。 昨晚勝選之夜，國民黨高市黨部外聚集5萬名支持者，建國三路雙側道均封閉，遲至凌晨才雙線通車，韓國瑜發表勝選感言後，在今凌晨1點多，與妻小，小編王律涵、許右萱一起下樓，並向還在場的媒體、工作人員致意，才趨車離開。 李佳芬說，未來只有她會搬到高雄，因孩子們都在讀書。韓冰則說，打完選戰了，她將回加拿大繼續未完成的大學學業，她笑著說:「總是要讓我先拿到大學學歷。」至於韓國瑜的獨子韓天，則是默默站在一旁，看著爭相與姐姐合照的粉絲們，還在讀高中的他，不若韓冰落落大方，還有著些少男的靦腆。 今天不論是勝選的韓國瑜或落敗的陳其邁，都沒有安排謝票行程，高雄街頭間回復選舉後的平靜。李佳芬說，韓國瑜感冒好多天了，今天需讓他好好休息一天。至於陳其邁的兒子陳政通，昨也現身和父親一起投票，父子同框引人注目。但其實外表俊帥、人高馬大的陳政通，為人相當隨和，多次在造勢場後台或是搭捷運時被支持者發現，要求合影多會配合，也曾大讚韓國瑜也在念大學的女兒韓冰幫忙打選戰「很厲害」，自己只能在旁為父親加油打氣，沒能實質參與選戰付出。陳政通目前在台北念大學，6歲大時就曾站上街頭幫父親助選，這次選戰他和同在台北念書的妹妹陳政圓，也都會抽空回高雄與媽媽吳虹，一起參加父親的大型造勢晚會。但如同陳其邁所說，兒女到場多半不會先約，而是人到了才發現他們在場，像是日前在台北的電視辯論會，他則是到了辯論會後才發現妻子和兒女都在後台，讓他又驚又喜。（吳慧芬、周昭平／高雄報導）出版時間：10:48更新時間：20:20想知道更多，一定要看……【選後首日】辭立委市長又敗選　陳其邁傳訊未讀、電話未接【特稿】陳其邁戰略保守輕敵　20年市長夢難圓,韓國瑜獨子曝光流露靦腆　陳其邁兒挺拔隨和
66,政治,（更新：新增動新聞）民進黨高雄市長候選人陳其邁昨落敗，在敗選演說中說到，「選舉完以後，我們都還是高雄市的市民，都還是一起繼續拚搏、相互支持鼓勵的一家人。」由於陳其邁選前已辭去不分區立委職務，外界關心他未來動向，不過他今選擇休息沉澱，並未安排任何謝票等公開行程。幕僚認為，民進黨這次選舉慘敗，黨內從中央到地方都待檢討分析敗選原因，現在談何去何從太遙遠！但也有人說，陳其邁從中央到地方、府院黨歷練完整，這次敗選非戰之罪，總統蔡英文應給予適當位置，讓他繼續發揮長才。 陳其邁親近幕僚說，陳其邁是以正面積極態度面對這場選戰，內心所想都是如何為高雄服務、讓高雄更進步，不會去考慮到個人問題，昨敗選仍需時間檢討，他現階段應還是先沉澱思考，個人何去何從暫時應沒有任何想法與具體規劃。外界也關切陳其邁落選後內心能否承受，友人說，陳其邁是政治生命「死過一次」的人，對人情冷暖早已充分感受，能以坦然心境面對政治生涯起伏，這次敗選相信他能很快站起，不會因一次敗選而消沉。 陳其邁今一整天都未公開露面，《蘋果》傳訊未讀、電話未接，暫時未能取得本人回應。（周昭平／高雄報導）出版時間：19:49更新時間：20:19想知道更多，一定要看……【特稿】陳其邁戰略保守輕敵　20年市長夢難圓陳其邁鐵粉「素娥姊」一夜沒睡　悶吐慘敗原因,【選後首日】辭立委市長又敗選　陳其邁傳訊未讀、電話未接
67,政治,（更新：新增動新聞）嘉義市長選戰激烈，民進黨候選人涂醒哲擁有執政優勢，而議長蕭淑麗脫離國民黨參選，和回鍋的黃敏惠分食藍營票源，原本居於上風。但他施政宣傳力道不夠，連黨內大老都認證他「會做不會說」，且蕭淑麗瓜分了綠營票倉西區的選票，加上大環境對民進黨不友善，導致涂醒哲在一路拉鋸後，仍以約3千票的差距連任失敗。 嘉義市有民主聖地之稱，選人不選黨也是其特色，且女市長特別多。被譽為「嘉義媽祖婆」的許世賢在1968年當選，成為台灣首位女性地方政治首長後，50年來共有8任女性市長。其中，無黨籍的許世賢與一對女兒張博雅、張文英執政多年，接著由民進黨籍的陳麗貞當選一任後，隨即被國民黨的黃敏惠打敗。黃連任兩屆，接著由黨中央提名陳以真以些微票數敗給民進黨涂醒哲，之後逐漸形成藍綠對決格局。 蕭淑麗在4年前就有意參選嘉義市長，但當時馬英九總統點名陳以真，蕭淑麗以和諧為由退選，轉戰議員，當了4年議長，蕭淑麗在基層及商界和眷村下了很大功夫，她身段柔軟，口才便給，親切形象深植人心，原本以為這次總算輪到自己參選，沒想到半路殺出1個黃敏惠，最後雙方撕破臉，她脫黨參選到底。 雖然蕭淑麗利用議會優勢，不斷檢討涂醒哲與黃敏惠的施政缺失，還邀請台大校長當選人管中閔來演講，趁機同框增加曝光度，但面臨藍綠夾殺，她仍遭邊緣化，最後僅拿到2萬5430票，含淚落敗。 但蕭淑麗的票數卻左右了戰局。嘉義市分為東西兩區，往年東區藍小勝於綠，而西區則是綠營票倉，這次選舉中，蕭淑麗在西區搶走1萬4869票，導致涂醒哲只拿到3萬2175票，而黃敏惠則是3萬1000票。對照涂醒哲與黃敏惠約3千票的差距，蕭淑麗的票數可說是間接導致涂醒哲連任失敗。間接原因是蕭淑麗，那直接的原因呢？涂醒哲宣布敗選時說，他當市長3年多來只知道埋頭做事，啟動許多前市長黃敏惠主政時期延宕的建設，卻忽略行銷及向市民報告的重要性，也不做小恩小惠的事、不懂得分配資源、影響既得利益者等，雖然沒能當選，他要感謝謝競選團隊及廣大支持者的相挺，也向他們致歉。（徐彩媚／嘉義報導）出版時間0114更新時間2004 ,【翻盤特稿】蕭淑麗關鍵少數扯下涂醒哲　漁翁黃敏惠奪嘉義市長
68,政治,甫當選台東縣長的饒慶鈴，今天展開感謝與造訪行程，除離島今天無法立即到達外，將先一一拜會全縣16鄉鎮長和議員，明天才會開始謝票行程。饒慶鈴表示，未來也會藉著以往議會資歷向各議員諮詢，保持府會良好關係，這次宜、花、東三縣長皆為女性當選，三人原本就有交情，接下來將就交通和婦幼政策有更良好合作。 饒慶鈴說東部3縣皆為女性當選縣長，3人以往感情不錯，昨晚已聯絡互道恭喜，初步將對女性、婦幼議題更加重視，尤其是交通部分，特別在台東和花蓮的公路連接部分，這些議題之前在中央黨部也曾討論，但一切都會在正式接手縣政後再詳談，目前眼前的就是元宵節活動，相信連任的市長張國洲亦能和以往一般有著良好合作。 饒慶鈴說，民進黨這次慘輸，代表政治人物不要再以華麗的詞藻來欺騙選民，民眾會以一票一票的選票告訴中央政府，「我們需要落實民生經濟」，這是台灣民主非常珍貴的經驗。（突發中心劉人瑋／台東報導）出版時間 11：15更新時間 20：02 看了這則新聞的人，也看了……​「我還沒上車！」惡煞砸車趁亂逃　駕駛丟包友人逃離「釘在牆壁才會怕」　消防小隊長為休假嗆役男  趁警力忙選舉　宜蘭2男囂張搶銀樓火速被逮托嬰中心財務糾紛遭縱火　嫌犯竟是負責人外甥,【選後謝票】饒慶鈴盼結合東部3女力　著重東部交通、婦幼政策
69,政治,民進黨九合一大選慘敗，六都中僅保二都，連綠色長期執政的高雄市都拱手讓人，總統蔡英文已辭去黨主席職務，為敗選負責，黨內人士預測，接下來民進黨要面臨的是一場腥風血雨的黨主席之爭。黨內人士分析．民進黨敗選之後，黨主席最關鍵的就是能否支撐起黨機器運作，若由也曾擔任過黨主席的蘇貞昌老手回鍋，在此低迷的時刻的確有穩定作用，但若由行政院院長賴清德接任，又可向社會展現中生代接班的新氣象，固守桃園市有功的鄭文燦也是中生代的人選之一，不過，最重要的還是黨必須先定位未來的改革路線，才能找到相符合的黨主席人選。此次選舉結果，影響民進黨黨內權力結構和派系，新潮流派系保有桃園、台南和屏東，仍是黨內派系最大贏家，以游錫堃為領柚的正國會，掌門人林佳龍卻以20萬票的差距失去台中，蔡英文領導的英系陳其在高雄選戰中，竟敗給耕耘三個月的韓國瑜，英系在黨內已失去話語權。黨內人士認為，總統府秘書長陳菊雖受此次高雄敗選所傷，但在黨內仍有一定的地位和影響力，若由陳菊或蘇貞昌擔任黨主席，對民進黨的意義是相似的，就是提供民進黨艱困時刻的穩定力量，不過缺點就是，這些人都是老面孔，讓民眾看不出民進黨改革的新氣象。黨內也有中生代全面接班的呼聲，民進黨團幹事長李俊俋喊出，黨主席應由中生代接手，他並舉例鄭文燦、林佳龍、陳其邁等中生代，他們都準備好了，至於黨內其他職務如秘書長等，也應該有全新的思考。中生代的好處是沒有過去派系的包袱，且可扮演好民進黨內兩端世代之間良好的銜接角色，在面對瞬息萬變的局勢，中生代也更有能力因應。中生代中，又以新系賴清德呼聲最高，但黨內人士認為，賴沒有當過黨主席，也沒有擔任黨職，好處雖是讓中生代接班，讓選民看見民進黨的新作為，不過，賴身負行政院長職務，總統不可能在這個時間讓賴請辭，因為現階段來說，內閣的穩定是比黨機器的穩定更為重要。至於同為新系的桃園市長鄭文燦，黨內人士認為，鄭才剛上任，接任黨主席的意願應不高。至於游錫堃領導的正國會，掌門人林佳龍以二十萬票差距丟失政權，黨內人士認為，如果角逐黨主席，對社會而言就是敗軍之將要領導民進黨，顯然不是一步好棋。黨內人士坦言，這個時刻沒有最好的黨主席人選，這些名單都各有各的問題，接下來黨內一定會對權力核心批鬥、檢討敗選原因，未來的黨主席之爭，也將淪為派系鬥爭，很難平和收場，但他認為，黨現在最重要的，應該是確立、定調黨未來的路線和方向，再依據此方向找一個專業、條件相符的黨主席。黨內人士指出，這次敗選主因就是民眾並沒有接受民進黨的改革，因此民進黨這次率先要改革的是自己的黨，在這一次期中考試失利後，可以預見小英幾乎失去二〇二〇的入場券，總統大選換將聲浪絕對不會小，因為大家都很清楚，民怨不會在這次九合一選戰後就停止，二〇二〇民進黨要面臨的將是更嚴峻的考驗。（余祥／台北報導）,【民進黨黨魁】中生代陳其邁、林佳龍被點名　蘇貞昌、賴清德呼聲高
70,政治,（更新：內容）國民黨籍韓國瑜當選高雄市長，昨晚接受媒體聯訪時表示，他對兩岸態度就是九二共識，當選後會建立「兩岸工作小組」。上任後也一定會在高雄打造愛情產業鍊，「這是高雄得天獨厚，不做豈不是浪費發展機會。」且若找到墜入愛河行銷點，不排除找北市議員王世堅代言。 韓國瑜說，希望跟所有人和平來往，快樂交朋友、交流與做生意，因有九二共識，「我們心中沒有任何圍牆，全部都是道路，條條道路通羅馬，條條大路通發財，條條道路通賺錢」，未來高雄市往整個海外輻射出去。 韓國瑜說，當選高雄市長是個沈重巨大責任，但千斤萬斤，他一肩扛起，過去高雄這段時間面臨困境，包括好的產品賣不出去，觀光客、投資客都在萎縮，因此，他上任後會做兩件事，首先高市府架設交易平台，所有個體，不管是農民、漁民、花農、畜農與工業產品，還有各個有特色產品，藉著這個平台直接可以賣出去。 韓國瑜說，這些產品由高雄市政府背書，可以用保證品質方式，大家利用這個高雄市政府的平台，讓所有生產者可以找到通路。第二，有些重點產品，由他本人或副市長一定帶農民、漁民為主體，直接到外面搶訂單，不管是東南亞，不管是中國大陸南部，南南合作，甚至往北一點，都是在將來要銷售目標。（地方中心／高雄報導）出版時間：1805更新時間：1958 想知道更多，一定要看……成功搶下大岡山農漁區　韓國瑜靠這簡單口號打動人心韓國瑜拚觀光邀他跳愛河　網友湧入王世堅臉書鼓譟韓國瑜翻轉旗美農業區　地方農會：中央執政不力韓國瑜勝出15萬票　三山大會師成功是關鍵,韓國瑜承認九二共識　上任建立「兩岸工作小組」
71,政治,（更新：新增政見內容）民進黨高雄市長候選人陳其邁，昨晚在被形容為「全世界都在看」的地方選舉中，以逾15萬票、近10%差距落敗。這場選戰民進黨原先被看好勝券在握、「派顆西瓜出來都能當選」，竟被前北農總經理、選國民黨主席敗戰才被空投到高雄的「賣菜郎」韓國瑜，打得落花流水。韓國瑜以充滿個人魅力的辯才及猛批「高雄又老又窮」和北漂議題，帶動網路聲量暴增形成「韓流」，硬是在選前把民調打成五五波，因而驚動民進黨府院黨大動員搶救，最終功敗垂成，不僅讓出長達20年的執政權，也讓陳其邁沉潛20年的市長夢碎。 事實上主打「正義、溫暖」形象牌陳其邁在黨內初選時聲勢就一路遙遙領先，前市長陳菊指定接班人、立委劉世芳，也只能在初選就黯然退選。2018年3月，陳其邁以35.9%的最高支持度，在黨內初選勝出，比第二名的立委趙天麟支持度還高出24%，當時有民調顯示他的支持度遠高於當時還未決定參選的韓國瑜超過50%，氣勢所向披靡。 不過選戰初期，因國民黨未能推派出人選，陳其邁著重修復黨內初選過程派系裂痕，選擇到各地方與樁腳及支持者座談，採低調穩紮穩打策略，收斂起昔日鋒芒，未積極站上街頭與選民直接互動，或是頻上媒體對外宣傳自己政策，甚至在今年5月韓國瑜確定參選，他也不設競選總部，僅在今年7月成立競選辦公室，開始透過例行記者會，單向對外宣布政策。 陳其邁在他唯一的一份正式文宣，強調自己「20年磨一劍、我準備好了！」主打「做經濟市長、打造經濟首都」，當時就點出高雄有經濟結構轉型、人口結構老化及外移、財政困難等挑戰，並提出傳產升級、工業4.0、發展人工智慧等八大經濟創新策略，也擘劃六大產業生活圈，不僅點出高雄關鍵核心問題，並具體提出政見爭取支持。 只是陳其邁看似充實的政見內容，討論度卻遠不及韓國瑜。韓國瑜參選後喊出「高雄又老又窮」、「愛情摩天輪」、「太平島挖石油」及「旗津開賭場」等政見，加上點出「北漂」青年現象，同時間也點出高雄「又老又窮」問題的陳其邁，面對承接陳菊執政包袱，這時卻只能反駁，反讓被韓國瑜「同理到」的高雄市民，對政見無法理解，也質疑能否落實，不如韓國瑜一句「東西賣得出去、人進得來，高雄發大財」順口溜，來得直白痛快。 而今年8月底高雄受豪大雨重創，全市多處積淹水、甚至雨後市區道路出現超過5千個「天坑」，被韓國瑜拿來大做文章，痛批市府執政效率與濫花治水百億經費。而9月韓國瑜與館長網路直播創造驚人700萬平台熱度，自此「韓流」逐漸成形，不斷創造網路動輒數百萬的聲量，甚至超越台北市長柯文哲，已在「空戰」取得優勢。 讓人驚訝的是，韓國瑜陣營在空戰打出聲勢後，高雄在地黨籍大老、前立法院長王金平帶頭動員，10月底開始連續在鳳山、旗山及岡山舉辦造勢晚會，補強韓國瑜在原高雄縣聲勢較弱缺失，每一場都可說是萬人空巷，鳳山一戰8萬支持者搖旗吶喊，成功帶動韓流轉為陸戰對決氣勢，民調也持續逼近，已將原本一面倒的選戰，打成五五波聲勢。 儘管選前兩個月，民進黨陣營驚覺聲勢轉變，總統府祕書長陳菊發動黨籍9位立委及菊系人馬，全面進駐陳其邁競選辦公室，開始主導選戰策略，試圖扭轉選情，立委劉世芳還說，「潛水艇要浮上來了」，但為時已晚，儘管跟進韓國瑜也在旗山、岡山辦造勢晚會，嗆要在人數上超越拚場，但旗山晚會主持人邱議瑩說支持者「嘸（台語，意指沒有）」離開，硬是被報導成「賣（台語，意指不要）」離開，晚會造勢訴求「走鐘」，更讓陳其邁陣營為不斷流傳的假消息與假訊息，疲於奔命。 而在選戰最後階段，面對韓國瑜高媒體曝光聲勢，原對媒體採消極應對的陳其邁，也決定改採策略，開始積極北上接受專訪、上政論節目，正面迎戰韓國瑜，試圖喚醒選民印象中強悍、很「其邁」的陳其邁，但終究因他已在這場選戰選擇長時間隱身低調、刻意收斂過往鋒芒及咄咄逼人姿態，加上口才確實不如韓國瑜、政見又未能轉化成庶民理解的語言，終究未能在媒體上獲得選民共鳴與引發討論，未能形成「邁流」。 學者評論陳其邁在這場選戰，持平而論表現可說是中規中矩、也沒犯什麼錯，但整體戰略確實過度保守與輕敵，加上中央執政不力等因素拖累，即便選前一周動員市民舉辦WeCare高雄大遊行、選前一天府院黨大動員，包括總統蔡英文、副總統陳建仁及總統府秘書長陳菊等人都南下助選掃街，選前之夜也動員22萬人造勢，但終究不敵這股驚人的「民心思變」韓流聲勢而黯然敗選，市長夢終究難圓。（周昭平／高雄報導）出版時間：13:19更新時間：19:56,【特稿】陳其邁戰略保守輕敵　20年市長夢難圓
72,政治,（新增：過音影片）彰化縣田中鎮長謝文賢競選連任失利，在今天傳出辭世消息，享年66歲，謝文賢家屬證實謝文賢在今天過世，但婉拒採訪。彰化縣府表示，謝文賢鎮長任期未滿，已先派員前往了解，並將派員代理鎮長一職。彰化縣選委會指出，依選罷法規定，該選區候選人數超過名額，不會影響選舉結果，將不會進行重行選舉。 謝文賢原是國民黨籍鎮民代表會主席，3年多前與連任多屆縣議員的洪麗娜爭取黨內提名，洪麗娜勝出，謝文賢脫黨，以無黨籍身分參選，結果謝文賢以1萬17百多票勝洪麗娜1萬15百多票，以165票險勝，謝文賢上任後投入民進黨懷抱，今年8月間，當時傳出身體健康出狀況的謝文賢，以家庭因素為由放棄民進黨提名，但短短幾天，謝文賢又出現宣布退出民進黨，以無黨籍身分競選連任，並多次公開與鎮民互動，證明身體健康無虞。 昨日開票結果，謝文賢獲4100票，4名候選人中票數排第三位，競選連任失敗，沒想到今天傳出過世消息。前幾天田中地區就盛傳謝文賢過世消息，謝家婉拒記者採訪，但證實謝文賢是在今天過世，將在家中布置簡易靈堂。田中鎮公所也將與家屬商討後事細節，再對外發布。謝文賢前天還在臉書貼文並附上掃街拜票影片「一生懸命拚鎮政，一♥（代表：心）一意為田中拚到底，感謝所有鄉親給文賢的鼓勵，在選舉的最後時刻，文賢懇託大家千萬不要被中傷文賢的流言所欺騙，讓那些沒有實力的候選人靠著造口業騙取選票。祈望鄉親們能讓您們的選票肯定真正有政績的人，給文賢一個鼓勵及溫暖，千萬別讓那些只靠握手或甜言蜜語的人有機會讓我們田中陷入空轉。懇請 11月24日用您的選票肯定一心一意為田中打拚的2號謝文賢」 不過該影片為掃街拜票照片集錦，似乎沒有謝文賢身影，除工作人員背影外，就是選民揮手致意，也令地方人士猜測，當時謝文賢前天可能在住院中。而謝文賢登記參選後，也曾出席多場其競選總部的「全民參政鎮政座談會」，會中與民眾互動，看來精神相當好。 據地方人士指出，謝文賢說明會只出席三分之一，後續活動均為妻子、兒子出來跑，傳聞疑因心臟疾病2天前就發出病危通知，但無法獲得家屬或公所相關人士證實。 彰化縣政府民政處指出，依地方制度法第82條，鄉、鎮、市長辭職、去職、死亡者，須由彰化縣政府派員代理，民政處先派員前往了解，並將依法辦理。（鄧惠珍／彰化報導）發稿時間：15:36修改時間：19:53,田中鎮長謝文賢連任失利　今辭世人生謝幕
73,政治,九合一選舉落幕，今年共有10案公投綁大選，婚姻平權備受外界關注，其中，由婚姻平權大平台所提出的第14、15案公投，前者訴求以《民法》保障同性婚姻，後者訴求國中小進行性別平等教育，兩案雖然沒有通過公投門檻，但仍獲得300多萬票的支持。同運先驅祁家威說，雖然開票出來有差距，但這代表有幾百萬異性戀的朋友挺他們，早期反同與挺同的人例比會是１００：１，但這次結果500萬比250萬，代表很多異性朋友願意對同志尊重理解，相信未來持續下去會有更多人支持，深究之後，「應該開香檳」。這次10項公投案中。由國民黨發起的「反空污」公投，「你是否同意以『平均每年至少降低1%』之方式逐年降低火力發電廠發電量？」，同意票數795萬5753票，不同意票數210萬9157票，確定過關。 由國民黨發起的「反深澳電廠」公投，「您是否同意確立『停止新建、擴建任何燃煤發電廠或發電機組（包括深澳電廠擴建）』之能源政策？」同意票759萬9267餘票，不同意票234萬6316票。 由國民黨發起的「反核食」公投，「你是否同意政府維持禁止開放日本福島311核災相關地區，包括福島與周遭4縣市（茨城、櫪木、群馬、千葉）等地區農產品及食品進口？」同意票數779萬1856萬餘票、不同意223萬1425票。 由下一代幸福聯盟發起的，「你是否同意民法婚姻規定應限定在一男一女的結合？」同意票數765萬8008票，不同意票數290萬7429票。 由下一代幸福聯盟發起的「國中小不應教同志教育」公投，「你是否同意在國民教育階段內（國中及國小），教育部及各級學校不應對學生實施性別平等教育法施行細則所定之同志教育？」同意票數708萬3379票，不同意341萬9624票，確定過關。 下一代幸福聯盟發起的「立專法保障同志權益」公投，「你是否同意以民法婚姻規定以外之其他形式來保障同性別二人經營永久共同生活的權益？」同意票640萬1748票，不同意407萬2471票，確定過關。 由總統府國策顧問、前奧運田徑國手紀政等人發起的「東京奧運正名」公投，「你是否同意，以『台灣』（Taiwan）為全名申請參加所有國際運動賽事及2020年東京奧運？」同意476萬3086票，不同意577萬4556票。 婚姻平權小組發起的「修民法保障同志建立婚姻關係」公投，「您是否同意，以民法婚姻章保障同性別二人建立婚姻關係？」同意338萬2286票，不同意694萬9697票。 婚姻平權小組發起的「國中小實施性平教育」，「您是否同意，以「性別平等教育法」明定在國民教育各階段內實施性別平等教育，且內容應涵蓋情感教育、性教育、同志教育等課程？」同意票350萬7665票，不同意680萬5171票。由擁核人士發起的「以核養綠」公投，「您是否同意：廢除電業法第95條第1項，即廢除『核能發電設備應於中華民國一百十四年以前，全部停止運轉』之條文？」同意票數589萬5560票，不同意401萬4215票，確定過關。（政治中心／台北報導） ,逾300萬人支持婚姻平權　祈家威：應該開香檳
74,政治,九合一大選昨天舉行，涉入共諜案的新黨「青年軍」侯漢廷，以1萬5656票當選了第一選區（士林、北投）議員，他在網上說自己已經「等不及要落實政見」，「我會用行動證明，各位沒有投錯人」！而同黨同志王炳忠則送上祝福：「恭喜漢廷」。 侯漢廷今天凌晨在《臉書》「侯漢廷」發文說，感謝「無條件支持我的志工」、「不計辛勞的競選團隊」，以及「感謝黨的提名」與「每一位支持漢廷的民眾」。 侯漢廷說，「我等不及，想要落實這些政見」，包括：「警察與消防員加班費核實計算、擴大敬老悠遊卡使用、成立公立托育中心、普設智慧公車亭與智慧交通系統、降低中低收入戶不合理的審核門檻、督促市政府恢復囤房稅、增加勞檢人員、獎勵加薪企業」等。 而王炳忠則也在大約同一時間，在《臉書》「王炳忠」發文表示「恭喜漢廷，更要向明正、蘇恆說聲辛苦了，希望我們都能勿忘初心，在當前反中、仇中的台獨勢力向下紮根、大舉進軍議會之際，繼續堅持我們撥亂反正的信念，更感謝郁慕明主席一路的栽培。」 （即時新聞中心／綜合報導）,​【炳忠賀喜】涉共諜案侯漢廷當選北市議員：等不及要落實政見
75,政治,以無黨籍參選嘉義縣長失利的前副縣長吳芳銘展開謝票活動，分為山區與海區兩條路線，預計2天行程，感謝嘉義縣選民一路支持與相挺。 吳芳銘表示，選舉已經結束，所有選舉期間的恩怨，大家都要放下，共同接受這個結果，嘉義縣也要儘快地恢復平靜，大家共同在這片土地上的每個角落，繼續為這個即將偉大的城市一起努力。 吳芳銘強調，台灣民主素養對他的栽培，造就他能夠有機會為民發聲，接下來的2天，會將感謝化為實際行動，到嘉義縣的鄉鎮市去謝票，感謝縣民陪他走完這一段旅程，也希望未來還有能為縣民服務的機會。（李宗祐／嘉義報導） ,參選嘉義縣長失利謝票　吳芳銘：接受敗選放下恩怨
76,政治,國民黨籍新科雲林縣長張麗善今天下午透過臉書直播感謝選民支持，並介紹負責她這次選戰文宣的年輕團隊。直播時間近34分鐘，開放網友提問，由張麗善直接回應。莿桐菜農林佳新留言：「請問新科縣長一句話，是否願跟基層農民站在一起？」張麗善回應，她了解農民的苦，不會讓雲林優質的農作產品滯銷，一定會跟農民站一起，要成立農業顧問團，設法解決問題，也邀請林佳新當顧問。 張麗善上午去拜訪了幾位農民，傾聽基層農民的心聲；下午以臉書直播，感謝大家這次對她的支持，她強調，一張選票就是一分責任，她會好好的把事情做好，鄉親們給了她很多改革的建議，她都看到了，現在她有了實質的力量，她會努力打造雲林，讓農工商並進，年輕人有機會返鄉工作。 張麗善說，她要成立一個農業顧問團，來了解農友、年輕人的心聲，她身邊幫忙的年輕團隊，平均年齡25歲，有正義感，力爭公理，不害怕，不妥協，讓她這次能夠勝出，未來會傾聽民意，廣納意見，讓雲林發展，讓鄉親得到應有的幸福，大家共同加油。（寶智華／雲林報導）   ,張麗善臉書直播謝票　承諾組顧問團解決農產品滯銷
77,政治,"時代力量這次在高雄市推出三人參選市議員，結果在三民區及鳳山區都勝出，拿下兩席，其中鳳山區的黃捷，拿到1萬8,420票，在16位候選人中高居第六，順利當選，還把民進黨連任七屆老將蘇炎城擠下落選，由於現年25歲的黃捷，今年7月底才選布參選，起步雖晚但拚勁十足，不僅掃遍全區76里，主打空汙、交通平權及婚姻平權議題，還挾十大正妹議員候選人「最遺珠之憾」美名，獲鳳山選民支持，正式前進議會。鳳山在地出生的黃捷，雄女畢業、台大公衛及社會學系雙修，曾就讀台大環衛所碩士班，當過記者主跑環境與政治，也在時代力量立法院黨團擔任助理，處理空污法和勞基法等法案，今年7月因時代力量秘書長陳惠敏「推坑」，回到高雄參選市議員，在資源有限狀況下，每天排滿行程在鳳山各地走，陳惠敏說，「我要求她一區區地走，用盡任何可以觸及到在地鳳山市民的方式去介紹自己！」而她也很認真落實，誠懇認真一字一句把自己的政見、想做的事情，說給每個鳳山人聽。黃捷說，自己起步晚，所以更努力向前奔跑，她算過自己走遍全區76里，更是一步一腳印，完整「走」過59個里的大街小巷，掃過60次早市加夜市、去過76次國小和家長、孩子們打招呼，站過96次路口迎接上下班的人們，連今年地方議員選戰最常見的追垃圾車拜票行程，她也精算統計高達3345分鐘。四個月來投入選戰，黃捷說沒有一天休息，每天就是一早站路口、掃市場、店家，下午繼續站路口、追垃圾車，站路口曬黑是必然的，要選就要有自知。對自己獲得近2萬高票，黃捷驚訝說，「票源真的不知道如何來的？」真的是未預期到，不過的確有民眾在臉書留言說，是常在路口看到自己，願意給她機會。對這次被網友屢提為十大正妹議員候選人「最遺珠之憾」，有著一雙濃眉大眼、西瓜臉的黃捷說，「還好啦！」覺得只是個選戰中的娛樂話題，相信支持者是因為看到她的政見訴求空汙健康、議會透明及表態支持婚姻平權，與外表沒有太大關係。陳惠敏坦言，黃捷投入選舉不斷飽受惡意批評，說她「只是個花瓶，什麼顏值高的空降部」，她對此完全不能理解，還曾問黨部同仁「黃捷有長得很漂亮嗎？」她說，黃捷確實年輕，但並不是花瓶，「是開在懸崖旁的花，在走著一條不容易但已允諾改變的路途。」對勝選將進入議會，黃捷說，將優先關心與市民相關的慶富弊案，同時秉持議會透明主張，議員工程建議配合款流像須向市民報告，同時針對不同議題選擇與政黨合作。她也明確表示，議長不會支持國民黨所提人選，至於新任市長韓國瑜提將設九二共識小組力推兩岸一家親，黨部已嚴正聲明會監督到底，反對中國黑手，更拒絕台灣的買辦。黃捷說，勝選後挑戰現在才開始，她要帶著高雄的青年回家，為家鄉奉獻，打造乾淨透明的議會，理性專業的問政是首要任務，要捍衛勞工權益、環境正義，未來也會全力監督市府，捍衛民主，不讓民主有一絲的退步。（周昭平／高雄報導）",25歲正妹擠下七連任老將　她追垃圾車拚進高雄市議會
78,政治,國民黨台北市長候選人丁守中，在選戰中以些微差距不敵現任市長柯文哲，但他痛斥選舉不公而提起選舉無效之訴，今天傍晚也在粉專發文強調，「不是為個人爭選舉之勝敗，而是爭中華民國選舉制度的公平正義」，網友支持與反對者皆有，有人則要他兌現退出政壇的承諾，也有人表示驗票沒問題，「輸不起嗎？驗票再輸要不要退出政壇。」丁守中在4月22日就在粉專表態，表示姚文智說如果第三名就退出政壇，而「我若初選勝出後參選台北市長，只要第二名，就永遠退出政壇，丁守中說到做到，在這裡就宣誓，根本不用去保安宮。」如今選舉結果真的是第二名，但丁守中提出選舉無效之訴，未再提是否退出政壇。支持者認為「邊開票邊投票，邊看計票邊棄保，打倒綠蛆」、「奧步，不要妥協」、「一定要公平、公正的結果！加油！」、「不公平的奧步選舉一切交給法律」、「這是法律賦予丁丁的權利」、「本來中選會就是違法，理該重選，不是誰選上選不上的問題，是不能將錯就錯」。但反對者則抨擊「驗票憑什麼要全台北市民為你這個失敗者買單？你輸不起嗎？趕快退出政壇吧！台北不需要你」、「給你驗票，如果結果一樣記得你退出政壇的承諾」、「訴訟結束後，請記得您說過的第二名就退出政壇」、「驗票費用自己付好嗎？也別忘了自己說要退出政壇」、「你這樣做最好有辦法翻盤，不然就和咬蚊子一起退出政壇」。（即時新聞中心／綜合報導）看了這則新聞的人，也看了……戰局膠著時刻洩心聲　柯P一句話讓陳佩琪心酸15歲少女賣淫遭打槍　6惡少虐打後將她肢解「輸三十多萬悲哀到欲脫褲蘭」　kuso新歌酸爆姚文智,丁守中爭選舉無效　網友：驗票再輸要不要退出政壇
79,政治,下一屆台中市長盧秀燕選前強調她擔任市長後，要帶領台中市民「拼經濟！拼經濟！再拼經濟！」她今天提到自己的經濟政策，強調未來台中就是拚經濟、拚民生，不講政治的地方，但也提到自己拼經濟主張，認同九二共識應該是目前最能兼顧台灣經濟的兩岸政策。ˇ盧秀燕今天提到未來台中市的經濟政策時，明確指出：「怎樣能讓台中民眾經濟發展就怎麼做，「九二共識」主張不統、不獨、不武，應該是讓現在經濟可以最好發展的情況下的兩岸共識。」 她說，「九二共識」是在基於兩岸和平以及經濟最好發展情況下的共識，只要能讓台中台灣經濟好發展，人民好生活，「我們願意支持九二共識。」(曾雪蒨／台中報導) 想知道更多，一定要看……盧秀燕當選第一天　山海線走透透謝票重用年輕人　盧秀燕：小内閣40歲以下至少3人藍營台中大贏20萬票　盧秀燕感謝江啟臣情義相挺,台中要拼經濟　盧秀燕挺92共識
80,政治,國民黨高雄市長勝選人韓國瑜在選戰期間喊出「貨出得去、人進得來、高雄發大財」的口號，簡單易懂，成功搶下原高雄縣區大岡山農、漁產地的灘頭堡，讓農民、漁民對於未來有了夢想，也希望真的能夠發大財，不過，如何能夠落實？也將考驗韓國瑜未來的執政能力。 大岡山地區包括燕巢、橋頭、岡山、梓官、彌陀、永安等區，幾乎都是農漁業的重鎮，其中燕巢的芭樂、棗子、鳳梨、梓官的蔬菜、彌陀永安的虱目魚、石斑魚等，都是當地重要的經濟支柱，而在選民結構上，除了岡山區因為有傳統空軍眷村，結構上藍略大於綠外，以往幾乎都是綠大於藍，但這次的市長選舉卻出現了變化。 梓官漁會總幹事張漢雄表示，不管是農產品還是養殖漁業，都不可能只靠台灣的內需市場，一定要外銷，但在民進黨政府上台後，不管是有心還是無意，來自對岸的訂單的確是減少了，讓不少漁民叫苦連天，而且執政久了，就是會有包袱，所以當韓國瑜喊出「貨出得去」的口號時，不少漁民、養殖戶確實是「有期待的」。 不過，張漢雄也提醒，口號人人會喊，但重點還是未來如何落實執行，是否能真的讓農漁民賺到錢？所以還是要看韓國瑜上台後怎麼做？不然很快就會在下一次的選舉中被檢驗。 岡山文史工作者、剛選上岡山里里長的劉天賦則認為，其實長久以來岡山都是藍大於綠，就算陳菊執政時，綠軍也只因為藍軍的分裂，而出現脆弱的多數，基本盤改變並不大，所以韓國瑜能在岡山取得優勢，只能說回歸到原點，再加上中央執政的無力，讓綠軍投票意願低落，更讓選情雪上加霜。 此外，岡山地區螺絲傳統產業聚集，但不少勞工面對長期的低薪，積怨頗深，加上一例一休修法的爭議不斷，讓勞工更是不滿，儘管中央力推路竹科學園區、橋頭科學園區等建設，但底層勞工看得到吃不到，當然就會藉此機會修理民進黨，也讓整個選情更無力回天。（陳宏瑞／高雄報導） 想知道更多，一定要看……韓國瑜承認九二共識　上任建立「兩岸工作小組」韓國瑜、柯P勝出！網友兌現祭品文請吃500份雞排投入高雄市長選舉　韓國瑜坦言曾擔心「這件事」韓國瑜翻轉旗美農業區　地方農會：中央執政不力韓國瑜勝出15萬票　三山大會師成功是關鍵,成功搶下大岡山農漁區　韓國瑜靠這簡單口號打動人心
81,政治,網路紅人蔡阿嘎在選前一周盤點全台「10大正妹議員候選人」，其中擊敗台北市高嘉瑜奪下冠軍的新竹市議員施乃如，今年再以5472票穩坐該選區第一、順利連任。為了感謝選民支持，今天她一大早與新竹市長林智堅以及其他4位民進黨順利當選的市議員展開車隊謝票；施乃如說，現在時代已經改變，高顏值、會做事已經成為選民新的選項，也感謝蔡阿嘎在選前幫忙曝光，未來更會繼續在地方上為鄉親服務。 蔡阿嘎在評比「10大正妹議員候選人」影片中，高喊正妹不分黨派、不分顏色只分顏值，顏值高就該高票當選，其中拿下冠軍的施乃如，不但在「正妹議員候選人」中勇奪冠軍，就連這次選舉結果也以20.54%的高得票率，穩坐該選區第一名；她今天謝票時比出手指愛心感謝選民支持與肯定，甜美的微笑也迷倒現場許多粉絲。 施乃如說，非常謝謝鄉親對她的肯定，也感謝蔡阿嘎的排名，讓她知名度能更加曝光；不過她也強調，自己除了高顏值外，原本就一直在地方服務，這次拿下20.54%的高得票率，也是選民對她能力的認同。至於「美貌」是否有加分效果，施乃如也說「當然有加分」，自己出去常遇到選民告訴她「你是正妹議員第一名ㄟ」，讓她覺得很不好意思，至於上榜也感到與有榮焉。 施乃如在蔡阿嘎的影片中，擊敗高嘉瑜成為「冠軍正妹議員」後，有許多選民和支持者紛紛私訊她「如何保養」，她也在臉書大方分享，她平常一周至少會運動3天，一開始是有氧運動，後來也會加入重量訓練，「其實運動的好處很多」，對她來說，運動不只是來維持身材，也是訓練自己意志力，更是她平常舒壓的方式。（突發中心黃羿馨／新竹報導）出版時間13：10更新時間18：39  想知道更多，一定要看……新北最美新科議員戴瑋姍　「嫁給新北市、專業問政」桃園最正新科議員朱珍瑤　要桃園軟、硬體兼具看了這則新聞的人，也看了……【選後謝票】連任最年輕市長　林智堅將啟動大車站、輕軌計畫【新北議員選情分析】藍拿33席成最大黨　李婉鈺痛失議員寶座【選後謝票】代蘇貞昌臉書謝票　蘇巧慧：「深深感謝，繼續衝」,全台最美議員高票連任　施乃如手指愛心謝粉絲
82,政治,隨著九合一選舉落幕，除了縣市首長換了不少人外，各地議員也出現了一些新面孔，其中新北市板橋第四選區的新科議員戴瑋姍，日前就曾被網紅蔡阿嘎評為本屆選戰十大正妹議員候選人，由於她也是十人當中唯一屬於新北市選區，所以當選後也順理成章成為新北市最美議員，不過她本人則是謙虛的說：「人不一定要美，心美最重要。」 戴瑋姍表示，謝謝板橋的選民給她這個機會，每一張選票都是選民給她的責任、期許與託付，一定要把握這個機會，完成對選民的承諾，因此對於新北市最美議員的稱號，她認為人不一定外表要美，心美最重要，加上自己現在身為民意代表，問政的專業度更是重要。 因為擁有亮麗的外表，所以感情世界也特別受到矚目，目前單身、未婚的她，表示當選就是把自己嫁給新北市的選民，要當一個新北市的好媳婦；至於未來理想對象的標準，她說最重要的就是要尊重她的工作與專業，不用特別關心政治，但一定要關心社會，另外還要有一顆善良的心。 第一次參選就順利當選，因此記者詢問她昨天確認勝選後，第一件事做了什麼？她表示，昨天票開到一半之後，就可以確定自己選情已相對比較穩定，等到確認能夠當選後，她就立刻到蘇貞昌的總部，陪他進行敗選感言發表，因為在這次選戰當中，在他身上學到了很多，所以要陪他走完選戰的最後一段里程。 而她當選後最想感謝的2個人，其中之一就是蘇貞昌，另一個就是自己的老闆立委吳思瑤。戴瑋姍說蘇貞昌是很有活力的候選人，這次選戰中像母雞一樣帶著他們這群小雞往前衝；而吳思瑤則是從自己剛畢業到出來選議員一路上栽培，因此對他們格外感謝，另外吳思瑤也一直是她自己希望效法學習的目標。 至於上任以後想做的事情真的很多，但第一件最想做的事情，就是改造自己的服務處；她說因為過去議員服務處給人的印象，就是有事情要找的時候才會進去，但她希望能夠將自己的服務處改造成「瑋姍的書店」，變成一個大家都能進來的空間，在裡面與她進行市政的互動，同時也能多了解板橋。（突發中心呂健豪／新北報導）出版時間14：55更新時間18：39 想知道更多，一定要看……全台最美議員高票連任　施乃如手指愛心謝粉絲桃園最正新科議員朱珍瑤　要桃園軟、硬體兼具看了這則新聞的人，也看了……【選後謝票】連任最年輕市長　林智堅將啟動大車站、輕軌計畫【新北議員選情分析】藍拿33席成最大黨　李婉鈺痛失議員寶座【選後謝票】綠營宜蘭慘敗　陳歐珀謝票感謝支持者力挺,新北最美新科議員戴瑋姍　「嫁給新北市、專業問政」
83,政治,新竹市長林智堅大勝對手許明財３萬餘票，成功連任，與桃園市鄭文燦、基隆市林佑昌成功守住一片綠地，被視為民進黨中生代的希望。民進黨立委李俊俋今率先砲轟黨中央，主張應讓中生代提早全面接班，黨主席由鄭文燦、林佳龍或陳其邁等人接手。對於中生代接班問題，形象及聲望不斷攀高的林智堅今未予正面回應，僅表示，反省應是不分世代的，大家坦然面對，才能做出正確診斷。 林智堅今謝票時表示，昨晚開票結果出爐，市長選舉雖大獲全勝，但他心裡並沒有太多喜悅，表示昨晚受到民進黨整體選情不佳的影響，自己雖勝選但心情仍沈重，直到很晚才入睡。不過林智堅話鋒一轉說，他相信人民對他們仍有很高的期待，只要調整腳步後，未來大家還是會繼續肯定這個會做事、肯做事的團隊。（突發中心楊勝裕／新竹報導）想知道更多，一定要看……民進黨​中生代全面接班　林右昌：應先凝聚共識【茶壺風暴】李俊俋開砲要中生代接班 　蔡英文這樣回應看了這則新聞的人，也看了……桃園最正新科議員朱珍瑤　要桃園軟、硬體兼具​【選後謝票】勝選後武聖廟還願　侯友宜：認真打拼回應民意  全台最高票議員金瑞龍　首要幫助年輕人圓夢,選後究責！中生代提早接班說　林智堅：反省不分世代
84,政治,台北市長選舉從昨天下午4點開票到今晨2點半結束，打破台灣選舉史紀錄，最後現任市長柯文哲以3千多票險勝國民黨台北市長候選人丁守中，但丁守中認為選舉不公，今晨赴台北地院聲請查封票匭，並提出選舉無效之訴。據了解，這最「難熬」的一夜，丁守中的心情像雲霄飛車，從一開始領先的開心，到後來選情膠著的沈重，和敗選的臉色鐵青，最後前往法院，更露出憔悴臉色，看起來身心俱疲。昨晚從下午4點開票到隔天凌晨2點半，直到開票結束丁守中才現身，當時臉色鐵青，非常嚴肅的發表談話，過程中選票與柯文哲互有輸贏，差距越拉越近，最後結果以3000多票小幅輸給柯文哲，想必丁守中也感到意外。據了解，丁守中9點前抵達競選總部，在舞台後的房間觀看開票，太太溫子苓跟兒子也在另個房間關心選情。起初丁守中得知自己領先時相當開心，盼能把差距拉開，當時正好有「章魚哥」之稱的士林天玉里開票結束，票數是贏過柯文哲的，但直到後來換成柯文哲領先，當時氣氛就變很沈重。丁陣營透露，柯文哲持續領先一段時間後，11點過後開票呈現僵持，丁守中開始抱怨開票過慢，以及邊開票邊投票等情形，丁團隊便開始研擬，在投開票過程中有很多事件是對丁守中很不利的，好比邊開票邊投票、選務人員無暇投票等，丁守中定調在發表談話後擬訴狀，到地方法院聲請驗票以及選舉無效訴訟。耗了一整夜仍敗選，丁守中前往法院時，臉色看起來非常疲憊，可以想見他這一晚對他來說有多難熬。（黃韋銓／台北報導）發稿時間：1758更新時間：1830想知道更多，一定要看……3254票敗選　丁守中委屈控訴：中選會操作棄保不公平【北市選戰】丁守中求重新計票　法院：補繳428萬保證金最快明驗票看了這則新聞的人，也看了……【選戰功臣】王金平操盤助韓國瑜奪高雄　下一步受矚目3千票氣走丁守中　柯文哲靠「這三區」逆轉勝,驚心動魄10小時　丁守中從喜悅到憤怒的心路歷程
85,政治,九合一選舉結束，時代力量在全台各地提名40席市議員，總共拿下16席，不過，時代力量立委黃國昌的新北選區、時力立委徐永明督軍的台中市，時力議員全軍覆沒。時代力量黨內人士認為，兩人輔選力道明顯不夠，身兼立委職務難以常常下鄉輔選，但兩人身為黨主席和黨團總召，兩人選前更喊出「分區負責」，對於選舉結果可說是責無旁貸。面對黨內質疑，徐永明解釋，時力在新北和台中都提名了較多的席次，可能是資源不夠支撐，另外，時代力量立委在國會雖然嚴格監督民進黨，但在地方還是擺脫不了「小綠」的形象，因此不但與綠軍選票重疊，更受民進黨中央執政不利的大環境波及，未來黨內選上的市議員要加強監督和問政力道，才能跟民進黨有清楚分野。時力黨內人士指出，本次時代力量雖然拿下16席，但不能算是勝利，部分縣市沒有將時代力量和民進黨做出明確區隔，所以選民將兩黨連結在一起，間接讓新北、台中等縣市議員全軍覆沒。不過，另一時力人士則說，本次選舉可看得出各區負責輔選力道強度，竹苗區主委邱顯智幾乎每天都積極幫忙各候選人輔選，許多場合都能看到邱顯智和候選人一起出現，成功扮演「母雞」角色，即使在竹苗區時代力量並未和民進黨「撕破臉」，還是成功打出7席上6席、近乎全壘打的好表現。該人士指出，台北市責任區的立委林昶佐也衝出5席上3席的過半表現，同樣可圈可點，但反觀台中市責任區的立委徐永明和新北市責任區的黃國昌，可能是因為在立法院還有立委職務，無法常常下鄉輔選，林昶佐則是因為本人選區就在選區相對小的台北市，輔選機動性較強，但黃國昌和徐永明身為黨主席和黨團總召，兩人選前更喊出「分區負責」，最後在新北、台中全軍覆沒，可說是責無旁貸。（余祥／台北報導）,【時力內訌】新北、台中議員全軍覆沒　黨內要求黨魁黃國昌負全責
86,政治,高雄市長選舉昨落幕，沈澱一夜政治激情後，今午後高雄街頭再現二萬人的高雄同志遊行，訴求「彩虹回家，異同政視」，訴求不分男女，每個人都該尊重他人性向，也盼剛當選高雄市長的韓國瑜，能看到任何人都該享有愛人的自由，打造出同志能夠回鄉的友善城市。 高雄同志遊行已連辦九屆，今下午在高雄凹子底森林公園展開，發言人李杰表示，今年適逢高市長大選隔天，許多北漂遊子返鄉投票，並參加此次遊行，人數超越往年，有近二萬人。 李杰說，昨在公投中有關婚姻平權、國中小教同志教育沒有過關，他認為這是可怕的事，台灣同志在婚姻平權努力三十年，至今依舊無法獲得多數人認同，而尊重多元性別與群體，更該是從國小階段就該被教育的理念，而非等到高中再教。 同志田軒豪今穿著白紗挽著男友姚先生參同同志遊行，他說，兩人是在臉書認識，交往一年半，若同性婚姻合法，會立刻嫁給男友。 黃先生帶著妻子與年齡各為9歲、6歲兒子全家來參與同志遊行，黃太太說，我們從小就被教育要尊重他人，因此，她認為不論男男、女女或男女戀，都該受到同樣祝福，每個人都要尊重別人愛的權利。 這場遊行今下午二點出發，近二萬人高舉彩虹旗，向大眾呼籲不分性別，性向，請給予同志友善的環境，預計在下午四點多走回出發點凹子底公園，進行定點表演與演講，整個活動在今傍晚五點半結束。（地方中心／高雄報導） ,高雄同志大遊行　2萬人舉彩虹旗上街頭　
87,政治,九合一選舉，民進黨慘敗，總統蔡英文辭黨主席，綠委立委李俊俋開第一槍，主張「中生代提早全面接班！」，對此，被視為民進黨未來最重要的中生代之一的基隆市長林右昌則認為，黨中央應該要先凝聚共識，才能決定下一步。 民進黨選舉狂敗，未來地方與中央的關係將是如何？林右昌認為，檢討是一件非常重要的事情，未來的方向如何，有待黨中央再凝聚全黨的共識，在剛選完的這個時間點上，心中有非常多認為應該要反思的地方，舉凡，過去中央施政上是不是夠周延，推動過程是不是有充分的跟民意接軌等，這都是未來要反思的地方。 此次，新竹、桃園與基隆縣市長都高票連任成功，外界視為象徵著新世代的崛起，林右昌說，我們過去4年來真的都是非常的努力，用政績來得到市民的肯定與支持，我們對民主制度還是非常有信心，選賢與能，市民會睜大眼睛檢視市長，是否真的有在為城市努力，有無用心在作事情，想最終的考驗，只要有認真作事，還是能得到市民認同與支持，像基隆、新竹跟桃園，都是很好的例證，我們會繼續加油的。（突發中心蔡進男／基隆報導）　想知道更多，一定要看……【茶壺風暴】李俊俋開砲要中生代接班 　蔡英文這樣回應選後究責！中生代提早接班說　林智堅：反省不分世代看了這則新聞的人，也看了……彰化「騎車聖地」再辦路祭　席開314桌超渡亡靈臉書遇桃色陷阱　男70萬積蓄全拿去買點數宜蘭地檢鐵捲門馬達竄煙　書記官熱心救火卻喪命,民進黨​中生代全面接班　林右昌：應先凝聚共識
88,政治,台北市長選舉從昨天下午4點開票到今晨2點半結束，打破台灣選舉史紀錄，最後現任市長柯文哲以3千多票險勝國民黨台北市長候選人丁守中，但丁守中認為選舉不公，今晨赴台北地院聲請查封票匭，並提出選舉無效之訴。丁守中今下午2點親赴火線開記者會並表示，由於黨中央目前沒有經費，所以428萬多元的保證金，將由他個人籌組款項，今午已跟國民黨主席吳敦義、秘書長曾永權通電話，兩人表示全力支持，畢竟邊投票開開票，這是各國選舉制度所沒有的，尤其在操作綠白合作的情況下，對他相當不公平。今年10公投案綁九合一選舉，導致投票隊伍大排長龍，拖延開票時間，更造成「邊投票，邊開票」的亂象。丁守中競選團隊文宣組召集人唐湘龍坦言，昨下午沒在第一時間要求全部投票完才開票，這是失策，若昨天可以要求先停止開票，就不至於出現亂象，他也透露，昨天排隊過程中有深綠選民致電表示，有多人知道民進黨提名的姚文智明顯落後時，紛紛改變投票意向，「只要排在隊伍的一定是投柯文哲。」至於重選台北市長的機率有多高？律師葉慶元說，若法院驗票的票數逆轉，就必然重選，這跟選舉無效訴訟的結果連動，所以團隊會先依據驗票結果，再看是否提出當選無效之訴訟。丁守中也強調，他會接受驗票結果，最主要還是後續提出的選舉無效訴訟，「對於法院最終判決，我絕對尊重。」對於丁守中聲請驗票，柯文哲昨在國際記者會上表示，到目前為止沒有看到違法事證，但訴訟是人民權利，尊重司法。對此，丁守中說，台北市這麼多投開票所，足以影響選舉結果。葉慶元也補充，台北市副市長林欽榮是台北市選委會主委，他說林欽榮的執法沒有違法，這個公正性大家可以自行判斷；柯文哲應該證明北市選委會選務公正，以及選委會是否確實在4點後就管制不得再進投票所投票，但根據選民透過電話回報，明顯沒有這回事。（黃韋銓／台北報導）想知道更多，一定要看……驚心動魄10小時　丁守中從喜悅到憤怒的心路歷程【北市選戰】丁守中求重新計票　法院：補繳428萬保證金最快明驗票看了這則新聞的人，也看了……【選戰功臣】王金平操盤助韓國瑜奪高雄　下一步受矚目3千票氣走丁守中　柯文哲靠「這三區」逆轉勝,提選舉無效之訴　丁守中：絕對尊重法院判決
89,政治,新科台中市長盧秀燕今上午先到立委江啟臣總部謝票後，隨即轉往負責台中市潭子、大雅及神岡區輔選任務，前國民黨立委楊瓊瓔服務處謝票，楊瓊瓔團隊及其父母、在地市議員的熱情歡迎；盧秀燕說，對於立委補選問題，她不會介入，完全尊重黨部提名機制，黨部提出人選後她就全力輔選；另外，潭雅神開出漂亮成績，她一定會好好落實政件，拼經濟、拼空氣、拼教育回報地方，大家好生活。 新科台中市長盧秀燕今上午先到立委江啟臣總部謝票後，隨即轉往負責台中市潭子、大雅及神岡區輔選任務，前國民黨立委楊瓊瓔服務處謝票，楊瓊瓔團隊及其父母、在地市議員的熱情歡迎；盧秀燕說，對於立委補選問題，她不會介入，完全尊重黨部提名機制，黨部提出人選後她就全力輔選；另外，潭雅神開出漂亮成績，她一定會好好落實政件，拼經濟、拼空氣、拼教育回報地方，大家好生活。 隨後盧車隊又轉往沙鹿立委顏寬恒及市議員顏莉敏總部謝票，顏清標率子女及地方支持者迎接，盧秀燕說，這次國民黨沒資源，她本身又沒錢、沒人，成為最好的證明，代表在坐的地方士紳，都是有情有義真正為地方的，沒有私利在身上，全力真心輔選，才能有此好成績。選舉成功不是她厲害，是大家將希望寄託於她，未來四年她一定好好的做，全力拼經濟，今天親自登門感謝大家支持，謝票結束前她與顏清標及地方人士等合影留念後，趕赴紅派張清堂服務處謝票。 由於張清堂曾任議長，現任副議長也將角逐議長，盧即開玩校「這家生產議長的、議長特別多」引來一陣笑聲；盧秀燕說，今天當選第一天主要就是為兩位議長及團隊說聲感謝，議長為地方一開始即便她兩手空空只帶「兩串蕉」拜託，議長也大力輔選，這次海線票開得很漂亮，都是議長團隊不懼壓力全力幫忙的成果；未來她將全力維持府會合和諧，共同建設大台中。 張清照則提到即將上場的正副議長選舉時說，台中市議會有65席，他必須爭取33席過半才有機會，他會全力以赴，爭取同事的支持，副議長則是顏莉敏，顏是女性細心，問政專業，是監督市政的好手，因此找她一同搭配角逐（孫義方／台中報導） 想知道更多，一定要看……台中要拼經濟　盧秀燕挺92共識盧秀燕謝票之旅首站到豐原　承諾東豐快速道路復工藍營台中大贏20萬票　盧秀燕感謝江啟臣情義相挺重用年輕人　盧秀燕：小内閣40歲以下至少3人,盧秀燕當選第一天　山海線走透透謝票
90,政治,九合一大選結果出爐，全國22縣市中，無黨籍的台北市長柯文哲連任成功，但民進黨只剩6縣市，執政版圖大縮水，國民黨大贏拿下15縣市執政權，並成功翻轉台中、高雄兩都，執政版圖比2014年時還多，贏得相當漂亮。《蘋果》進行網路即時民調，「請問您覺得國民黨大勝誰是最大功臣？」《蘋果》將於晚間十點公布投票結果。編按：提醒大家，民調設計1個IP只能投一次，不過，已經投過票的IP，還是可以按進投票頁面，但不會計算票數。=====【網友意見】=====Paul Chan搞清楚人民是討厭民進黨，不代表喜歡國民黨，這次算你們撿到，做不好2020再來清算。 陳元樹王世堅首推莫屬。沒有恰吉就沒有韓國瑜，沒有韓國瑜就沒有韓流，沒有韓流就沒有KMT的大勝。恰吉是最大功臣。 吳小輝白綠分手是主因，推姚出來是失敗的，如果姚沒出來就算輸也絕不是這種差距出版時間：15:12更新時間：18:10（新增網友意見） ,【即時民調】請問您覺得國民黨九合一大勝誰是最大功臣？
91,政治,"九合一大選結果出爐，全國22縣市中，國民黨贏得15縣市，民進黨只剩6縣市，台北市則由無黨籍的現任市長柯文哲連任，民進黨執政版圖大縮水，原本執政的台中市、高雄市兩都也拱手讓人，總統蔡英文請辭黨主席為慘敗負責，總統府祕書長陳菊與行政院長賴清德也雙雙請辭，不過獲蔡英文慰留。《蘋果》進行網路即時民調，「請問您覺得誰最該為民進黨慘敗負責？」《蘋果》將於晚間十點公布投票結果。編按：提醒大家，民調設計1個IP只能投一次，不過，已經投過票的IP，還是可以按進投票頁面，但不會計算票數。=====【網友意見】=====張雅喬以高雄論！當然第一人選是陳菊！因為大家看看陳菊離開高雄後，連房子都賣了⋯⋯很多人指責她中途跑了！再來高雄整合大大有問題！那麼多優秀立委出局⋯⋯他們、她們會內心怎麼想？！當然最大宗原因,還是高雄百姓想口袋要有錢錢～～～ 蘇昱瑋中選會Sam Yen不要再演請辭、慰留的噁心戲碼、一直把老百姓當笨蛋才會輸。出版時間：15:12更新時間：18:10（新增網友意見） ",【即時民調】請問您覺得誰最該為民進黨九合一慘敗負責？
92,政治,甫當選台中市長的盧秀燕今天提到自己小內閣條件與名單，她強調一定會超越藍綠，用人唯才，她更特別提到她長期以來都相信且重用年輕人，所以這次組閣會聽取各界建議，也透露「一級主管中會有3位以上40歲以下年輕人！」她並說勞工局與經發局會增設「青年事務科」協助年輕人解決就業與勞資問題，讓台中市年輕人有發展有未來。 盧秀燕說，她長期以來相信年輕人、重用年輕人，無論立院辦公室都重用年輕人，她說「年輕人表現都超乎期待！」六都選舉中她從主委江啟臣與總幹事顏寬恒都是六都競選總部中最年輕的，選前她獨排眾議堅持任用年輕人，選舉結果證明她是對的。所以她也宣布「一級主管中會有3位以上40歲以下年輕人！」　台中市長選戰大勝林佳龍20萬票，幫藍營奪回政權的下屆台中市長盧秀燕說，現在到下個月市長交接只有短短一個月，組成小內閣時間有限，她昨晚已經跟各方商量，希望提出最好的人選，她強調台中市政府不是盧秀燕一個人的市政府，是台中市民的市政府，會跟地方鄉親請益大家一起組成市政府，「未來小內閣用人會超越藍綠，不分黨派，唯才適用，適才適所」，她說只要願意為台中市效力，道德操守都很好、有熱情的人才她絕對會重用。（曾雪蒨／台中報導） 想知道更多，一定要看……台中要拼經濟　盧秀燕挺92共識盧秀燕當選第一天　山海線走透透謝票盧秀燕謝票之旅首站到豐原　承諾東豐快速道路復工藍營台中大贏20萬票　盧秀燕感謝江啟臣情義相挺,重用年輕人　盧秀燕：小内閣40歲以下至少3人
93,政治,昨選舉創下破天荒開票開到今天凌晨的紀錄，許多網友也為了支持的候選人苦撐熬夜，眾多柯粉在網路上紛紛發出「祭品文」。臉書不公開社團《爆廢公社》就有網友因韓國瑜、柯文哲順利當選，今海派兌現送雞排的承諾，地點遍及台北、高雄和屏東，與「廢友」一起分享勝選的喜悅，總共送出500份雞排，出手霸氣。領到雞排的廢友也在社團中貼出感謝文，稱讚原PO「說到做到真男人」、「了不起～負責！」還有人建議原PO自己出來選舉算了，「說不定會有人投你」。原PO之前在社團PO祭品文說：「我政治一向中立……但我就是他媽的不爽一堆自以為躺著選就會贏的和只看顏色的人……」發願韓國瑜、柯文哲都順利當選就算圓滿，會送出500份雞排。原PO的家鄉屏東場今下午3點半開始發送即刻秒殺，網友笑說氣氛熱鬧就像網聚一樣。高雄兩場分別在鳳山、楠梓區舉行，原PO說台北場「雞排店都睡比較晚」，所以直到下午4點半才選定在基河路發送，現場排隊人龍跟昨天的投票盛況有得拼。原PO也不忘提醒大家一人一份取完為止，「高素質的人民別造成店家困擾喔」！幽默的開玩笑說：「有辦法跟昨天投票一樣孝順牽你阿祖去，阿祖也領一份。」網友紛紛感謝他兌現承諾，「你超棒的！」「水啦！」還有網友說「比那個很明顯的工商置入衣服品牌好多了」。（即時新聞中心／綜合報導）,韓柯當選！網友兌現祭品文　500份雞排北高屏霸氣送
94,政治,九合一選舉落幕，民進黨因改革過程爭議多，加上人民未感受經濟變好，多重因素導致慘敗到只剩下6執政縣市，更丟失了長期執政的高雄市，讓國民黨提名的韓國瑜以15萬票差距大勝綠營提名的陳其邁，黨主席蔡英文請辭負責，綠營內部氣氛低迷。國民黨在高雄大勝，除了韓國瑜因個人魅力刮起強大「韓流」旋風外，在鳳山、旗山、岡山三場成功的造勢晚會，更是奠下勝選的主要基礎。這三場晚會幕後操盤手是地方組織、人脈雄厚的立法院前院長王金平，王金平不只在高雄成功協助操盤，他輔選的台中市、嘉義市、雲林縣也順利翻盤，是讓中南部藍天再現的最大功臣。77歲的王金平從1976年就擔任立委，連任5屆立法院長，被朝野稱為「永遠的王院長」，直到太陽花學運後，第九屆國會由民進黨囊括68席立委，院長寶座才拱手讓人，王金平擔任陽春立委後，近兩年行事低調，直到今年選戰開打後，王金平開始下鄉輔選，透過綿密的人脈整合各方派系，讓國民黨得已取得綠營執政已久的中南部縣市。為助韓國瑜拿江山，在高雄政壇具有舉足輕重地位的王金平，透過農會系統以及白派等組織系統動員積極替韓拉票，其中翻轉高雄的關鍵戰役就是「三山之友會」造勢晚會，攻破綠營長期執政的防線，最後一場的岡山造勢甚至有超過10萬人以上參與，韓粉自主性加上王金平推波助瀾，奠定韓國瑜勝選基礎。國民黨能夠拿下另一個關鍵縣市台中市，王金平扮演角色也不在話下，為突破民進黨以往在原台中縣區的勢力，王金平替黨內候選人盧秀燕牽線，與黑派、紅派大老餐敘，代表黑、紅兩派系力的藍委顏寬恒、江啟臣也擔任盧秀燕競選幹部，最終讓盧秀燕以20多萬票大勝現任市長林佳龍。此外，王金平輔選廣度也延伸到彰化縣、嘉義市、雲林縣，尤其成功當選的王惠美是王金平嫡系人馬，王金平派出輔選要角替王惠美打選戰，農田水利會要職的前立委蕭景田也投入打組織戰。至於雲林縣張麗善、嘉義市黃敏惠，也與王金平密切聯繫尋求輔選站台，最終嚐到甜美戰果。不僅如此，先前藍營在台東縣分裂，黨內提名的縣長候選人饒慶鈴碰上前議長鄺麗貞脫黨參選，王金平當時也把饒慶鈴的爸爸饒穎奇，以及鄺麗貞夫婿吳俊立找來立法院，在媒體前上演大和解，宣示兩家人放下過去恩怨、為黨團結，最終也讓饒慶鈴成功當選。先前新竹縣提名爭議，黨透過中常會修改提名辦法徵召新竹縣副縣長楊文科，讓藍委林為洲痛批自己遭「做掉」，當時前總統馬英九、王金平也扮演關鍵角色，王金平勸說林為洲為黨團結，雖林為洲事後揚言參選到底，但最終仍選擇讓賢，楊文科也成功入主縣政府。王金平下南部協調派系、賣力輔選，外界好奇是否是為下屆不分區做準備，由於國民黨現行黨章規定「不分區立委得連任一屆，同時擔任不分區與國會議長者，將不限制連任屆數」，但王金平失去院長身份，如何爭取下屆不分區提名，或選2020，都令外界相當好奇。不具名藍委認為，王金平輔選有功，拿下部分中南部縣市，「為了他再改一次黨章，沒什麼是不可能的。」至於是否參選總統，該藍委則說，以現在的社會氛圍來看，要選總統的人帶給大家新想像和期待，否則選民不會接受。（黃韋銓／台北報導）,【選戰功臣】王金平操盤助韓國瑜奪高雄　下一步受矚目
95,政治,（更新：新增影片）九合一大選，南投縣長林明溱以195385票大勝對手近10萬票贏得連任，66.72%高得票率居全國第二，感謝選民大力支持，今日即啟動謝票列車，一早偕妻從草屯開始謝票行程，將在本月29日前環繞13鄉鎮一圈，拿麥克風親口向民眾道謝。洪國浩昨以97925票之差輸了這場選戰，他以自己努力不夠承擔敗選責任，上午從南投市、名間鄉開始謝票，透露將於草屯鎮長任滿(下月25日)退休。林明溱感謝選民支持，他說這屆一上任就開始認真耕耘，不打響亮口號，只實踐「骨力、肯做」，與縣民面對面了解、解決問題，南投縣內再偏遠的產業道路、野溪、路面等大小建設，他都親自了解處理，與民眾打成一片。從競選期間的民調、支持度獲得肯定，加上縣府團隊共同努力、議會支持，才能打出這場漂亮選戰。林明溱也對韓國瑜競選期間所提支持九二共識大表贊同，與盼能盡快與對岸溝通，再爭取陸客到台旅遊救觀光。尤其他經常聽到鄉親反應觀光窘境，民宿、旅館、遊艇業都已慘淡經營很久，「縣長你趕快爭取大陸觀光客到南投來旅遊！」南投觀光迫需陸客挹注，盼新任高雄市長韓國瑜盡速召集15縣市首長坐下來開會，與對岸接洽、溝通，「中央不做，我們地方政府來做！」洪國浩雖敗選，仍對選舉結果坦然接受，感謝支持者疼惜，上午也打起精神開始謝票行程。思考失敗的原因，他表示是自己努力不夠，「南投幅員廣闊，我可能走得不夠」，仍會關心未來南投的發展與進步。他透露，將於12月25日這任鎮長任期屆滿後辦理退休，沉澱、思考人生方向，可能投身公益或做自己想做的事。（魏嘉良／南投報導）發稿時間 15:30更新時間 17:51,林明溱啟動謝票列車　盼爭取陸客救觀光
96,政治,雲林二崙農家女兒廖郁賢(27歲)，以時代力量黨籍參選雲林縣議員，昨獲得6179票順利當選，成為時代力量首位縣議員。廖郁賢說，整夜沒睡，連看6本介紹雲林的書，就是要把雲林的美推出去。廖郁賢坦承，最初雲林人沒聽過時代力量，她能當選，是贏在勤走基層，8個月來，與縣黨部執行長傅銘偉搭檔，每天穿著黨部背心穿梭大街小巷，傅銘偉拿看板，自己拿大聲公推政見，因為走進民眾的生活中，獲得大家肯定。廖郁賢笑說，時代力量在雲林什麼基礎都沒有，別人問她「預估拿多少票」，她都說「要觀落陰」，甚至前天跑行程不慎撞傷頭、輕微腦震盪，廖郁賢忍著暈眩、嘔吐拉票，即使沒有人看好她的選情，她還是堅信「雲林人會選出要做事的議員」，記者問她當選感受，廖郁賢率直說：「感覺像做夢！」廖郁賢保證會推行教育政策、提升女性工作環境、農業行銷與議會審議透明化，強調議會透明化最重要，讓民眾知道預算花在哪裡，她會直播質詢、會議紀錄，讓雲林人知道議會運作內容。廖郁賢參政也充滿故事性，出身辛苦的二崙農家，靠學貸讀完新竹教育大學，一路靠當家教、補習班老師收入支撐，甚至去年應徵工作，一度獲得外商開出17萬月薪，協助廣告行銷，聽到時代力量黨中央諮詢，加上那份工作需簽約旅外7年，讓她放棄高薪，回雲林當縣黨部副執行長，因黨部薪水不到3萬元，另找家教兼差，幫忙分擔家中經濟負擔，登記參選議員時，她註記欠學貸約10萬元。（林靜盛／雲林報導）,放棄17萬高薪返鄉參選　時力廖郁賢當選雲林縣議員
97,政治,台北市長選舉選情極度膠著，開票直到今晨2點半結束，現任市長柯文哲以3千多票險勝國民黨台北市長候選人丁守中，丁守中認為選舉不公，凌晨與律師團連夜赴台北地院，聲請查封票匭，再提出選舉無效之訴，法院裁定丁守中一天內繳納保證金428萬2929元，逾期不繳，將駁回聲請。丁守中今下午2點親自出面舉行記者會並表示，這次提出重驗票和訴訟，不是為了丁守中個人選舉成敗，而是關乎選舉性公平性，選舉過程中中選會、台北市選委會竟然無作為，容許一邊開票一邊投票，導致選民可以透過手機了解開票情形，這樣明顯造成棄保空間出現，連外媒都報導台灣的投票所之亂，這是全世界所沒有的現象，也是完全違法的現象。台北市長成為最後開票完成的縣市，從昨下午4點開始開票，到今天凌晨2點半才有結果。丁守中凌晨2點20分出現在競選總部，激昂痛批選舉過程存在重大違法事項，強烈質疑中選會刻意跟台北市選委會合謀操作棄保，因此宣布提出選舉無效之訴，並前往台北地方法院。丁守中下午露面時神情嚴肅，首先感謝57萬7千多名支持者，昨晚有很多選民陪他過夜，他要向支持跟選民表示最誠摯的感謝，並說明提出訴訟的原因，不是為了丁守中個人選舉成敗，而是關乎選舉性公平性，因為這次選舉唯一有操作棄保效應空間的縣市就是台北市。丁守中說，九合一選舉因與公投綁在一起，造成排隊兩三小時的狀況，根本不可能準時投票結束，過程中中選會、台北市選委會竟然無作為，容許一邊開票一邊投票，導致選民可以透過手機了解開票情形，這樣明顯造成棄保空間出現，連外媒都報導台灣的投票所之亂，這是全世界所沒有的現象，也是完全違法的現象。丁守中說，台北市是唯一可以操作棄保效應的縣市，延長投票的3個多小時又46分鐘，柯文哲的主任蔡壁如跟柯陣營都稱民進黨台北市長候選人姚文智已經當選不了，請大家轉投給柯文哲，使得丁守中變成唯一受害者，不希望不公平的選舉制度還會有其他受害者，所以提出選舉訴訟。丁守中說，他今早收到北院裁定，要求補足428萬的銀行支票，今天是週日銀行休息且目前還籌不到現金，他會在明天早上之前把這428萬送進去，保全相關證據重新驗票計票，才能打後面選舉無效官司。丁守中也提到，昨天現場有很多支持者要我們包圍中選會，「這跟我們核心價值違背」，所以還是走法律訴訟去爭公道，確定中華民國的選舉公平制度，所以他制止了一些熱血的選民，這跟他的台北隊價值是一致的。丁守中競選總幹事王育敏表示，今天丁守中提出的訴訟，對於建構台灣選舉的公平性相當有意義，昨天選舉結果受到開票亂象影響，若沒有司法釐清，也會有其他候選人遭遇不公；許多人花兩個小時才能投到票，在這過程中有很多老人家根本撐不下去，無法長站而放棄投票權利。王育敏表示，中選會無能造成民眾大排長龍，而影響投票結果，中選會主委陳英鈐責無旁貸，必須下台負責，選務混亂影響候選人當選率，都要一併檢討，她也呼籲法院應該審慎處理這次的台北市長選舉訴訟。律師葉慶元指出，《選罷法》規定投票日前10天，到投票截止前都不得發布任何民調，投票日也不得助選，但投票截止前就在開票，開票本身就是大型民調結果，中選會應該繼續要求候選人陣營不得藉由開票來影響選民，但中選會跟台北市選委會早已預見，卻沒有延長投票時間，也沒有管制媒體報導，雖然四點截止投票，但各投開票所並無有效管制，「選民是4點到場，還是4點之後到場，或看到開票結果後才來投票，這都已影響選舉結果。」（黃韋銓／台北報導）發稿時間：1316更新時間：1738（新增影片）直播看這裡：《蘋果日報台灣臉書粉絲頁》直播已結束網址：https://www.facebook.com/appledaily.tw/videos/294505164520801/ 想知道更多，一定要看……【最新】丁守中提選舉無效之訴　明早到法院繳428萬保證金丁守中提選舉無效　律師反問一件事打臉丁守中得票率　竟和2014連勝文一模一樣看了這則新聞的人，也看了……投票日問題多　立委：整個中選會都下台【鐵粉爭霸戰頒獎】其邁不哭了　女粉擊潰韓粉奪點閱冠軍「一邊投票、一邊開票」有無違法？　律師：應該沒有,3254票敗選　丁守中委屈控訴：中選會操作棄保不公平
98,政治,九合一選情刺激，賣菜郎韓國瑜成功翻轉高雄，選情陷入膠著的台北市長，也一直到今天凌晨才由柯文哲以3千多票險勝，支持者揪心等待，昨天晚間就有網友在臉書社團中貼文「韓國瑜贏、柯P贏，就請500份雞排」，韓柯勝選時刻，網友也在今天大方兌現承諾，先在屏東發放100份雞排，只是都還沒到發放時間，雞排店早已大排長龍。 一名網友昨天在臉書社團中貼文寫下，「我一向政治中立，我就是不爽自以為躺著選就能贏的和只看顏色的人，韓國瑜已經贏了，柯P也贏的話，圓滿，我就請500份雞排，台北200份、高雄200份、屏東100份。」還附上屏東領取雞排的資訊，高雄及台北領取雞排地點則還在決定中。 這家雞排的業者說，發放100份雞排是有一名不願意透露身分的民眾付錢，說要在今天下午3點半時開始發放，但是2點多就開始聚集民眾領取號碼牌，長長的人龍，100份雞排很快就發光了。（李卉婷／屏東報導）   ,韓國瑜、柯P勝出！網友兌現祭品文請吃500份雞排
99,政治,國民黨盧秀燕昨天以82萬7966票、得票率56.57%，以超過20萬票的差距，大勝現任民進黨市長林佳龍的61萬9855票、得票率42.35%，她今天前往豐原區感謝競選總部主委江啟臣情義相挺時坦言，「原本選前依照內部民調預估，應該會贏5萬到10萬票，只是沒想到會贏這麼多，台中是藍營二十一縣市中贏全國第二多票的！」這說這次台中市能夠勝選，她認為就是因為「團結！」 台中市長林佳龍2014年以84萬7284票、得票率57.96%，擊敗執政13年的國民黨台中市長胡志強，當年胡志強得票數為63萬7531票、得票率42.94%，是繼前台中市長張溫鷹之後，二度讓民進黨在台中市插綠旗，但上次贏到的票數這次卻幾乎讓盧秀燕討了回來，林佳龍的得票率42.35%甚至比上屆胡志強42.94%還低。 盧秀燕對此結果表示，她參選時是行政資源最差的一個，主委江啟臣不介意初選落敗，還願意擔起重擔擔任競選總部主委全力輔選，在江委員樹立典範後，國民黨在最短時間內整合成功，展現台中市團結與氣度，這表示「國民黨已經不一樣了！過去認為的派系也不一樣了！」對方錯估一個媽媽堅強、勇敢、包容的力量，忽略市民對台中市未來責任感已經凌駕個人與派系，「選前國民黨大團結，就是我勝利的主因。」 盧秀燕也不客氣批評昨天的投票「比馬拉松障礙賽還要難還要艱辛！」她說昨天的投舉結果一定要讓中央執政當局好好反省好好檢討，這樣鄉親投票艱辛的犧牲才會值得，因為「讓民眾這種情況下投票實在太不應該！」 但她也感謝台中市所有鄉親，在烈日下站三、四個小時堅持投票，這樣的毅力讓人感動，她要對台中市鄉親、全國民眾對民主的堅持，對台中台灣未來的展望大大按個讚、拍拍手，因為台灣人民真的了不起！ 身為6都唯一的女性市長，她也坦言目前台灣政壇女性參政的確比較困難，但這次選戰國民黨推出7個女性參選而且全部勝選，民進黨僅推出1位，這代表台灣民眾是走在政府之前，對性別、族群、籍貫並沒有畫地自限，台灣人民真的很了不起。(曾雪蒨／台中報導) 想知道更多，一定要看……台中要拼經濟　盧秀燕挺92共識盧秀燕當選第一天　山海線走透透謝票重用年輕人　盧秀燕：小内閣40歲以下至少3人盧秀燕謝票之旅首站到豐原　承諾東豐快速道路復工,藍營台中大贏20萬票　盧秀燕感謝江啟臣情義相挺
